ages,list_price,num_reviews,piece_count,play_star_rating,prod_desc,set_number,review_difficulty,star_rating,val_star_rating,country,piece_cost
6-12,29.99,2.0,277,4.0,Catapult into action and take back the eggs from the Piggy Trike!,75823,Average,4.5,4.0,US,0.10826714801444043
6-12,19.99,2.0,168,4.0,Launch a flying attack and rescue the eggs from the Piggy Plane!,75822,Easy,5.0,4.0,US,0.11898809523809523
6-12,12.99,11.0,74,4.3,Chase the piggy with lightning-fast Chuck and rescue the eggs!,75821,Easy,4.3,4.1,US,0.17554054054054055
12+,99.99,23.0,1032,3.6,Explore the architecture of the United States Capitol Building!,21030,Average,4.6,4.3,US,0.09688953488372093
12+,79.99,14.0,744,3.2,Recreate the Solomon R. Guggenheim Museum® with LEGO® Architecture!,21035,Challenging,4.6,4.1,US,0.10751344086021505
12+,59.99,7.0,597,3.7,Celebrate Shanghai with this LEGO® Architecture Skyline set!,21039,Average,4.9,4.4,US,0.10048576214405361
12+,59.99,37.0,598,3.7,Celebrate New York City with this LEGO® Architecture Skyline model!,21028,Average,4.2,4.1,US,0.10031772575250836
12+,49.99,24.0,780,4.4,Recreate Buckingham Palace with LEGO® Architecture!,21029,Average,4.7,4.3,US,0.06408974358974359
12+,39.99,23.0,468,3.6,Celebrate London with this LEGO® Architecture Skyline model!,21034,Average,4.7,4.1,US,0.08544871794871796
12+,39.99,11.0,444,3.6,Celebrate Chicago with this LEGO® Architecture Skyline model!,21033,Average,4.8,4.5,US,0.09006756756756758
12+,39.99,14.0,386,4.1,Experience the grandeur of the Arc de Triomphe!,21036,Average,4.4,3.6,US,0.10360103626943006
12+,34.99,53.0,321,3.2,Build your own LEGO® interpretation of the iconic Eiffel Tower!,21019,Average,4.6,4.4,US,0.10900311526479751
12+,29.99,7.0,361,4.2,Celebrate Sydney with this LEGO® Architecture Skyline model!,21032,Easy,4.6,4.2,US,0.0830747922437673
7-12,159.99,63.0,847,3.8,Bring your LEGO® creations to life!,17101,Average,3.4,3.5,US,0.18889020070838253
10+,29.99,13.0,708,4.7,Build a LEGO® BrickHeadz version of yourself!,41597,Average,4.8,4.8,US,0.04235875706214689
10+,19.99,1.0,234,3.0,Train a raptor with LEGO® BrickHeadz™ Owen and Blue!,41614,Easy,5.0,5.0,US,0.08542735042735042
10+,19.99,1.0,160,5.0,Join Mr. Incredible and Frozone for LEGO® BrickHeadz™ crime-fighting fun!,41613,Very Easy,5.0,5.0,US,0.12493749999999999
10+,9.99,1.0,149,2.0,Growl like a Wookiee with a LEGO® BrickHeadz™ construction character featuring Chewbacca!,41609,Very Easy,3.0,4.0,US,0.06704697986577181
10+,9.99,1.0,141,2.0,Be a rogue with a LEGO® BrickHeadz™ construction character featuring Han Solo!,41608,Very Easy,4.0,4.0,US,0.07085106382978723
10+,9.99,3.0,101,4.0,Save the universe with LEGO® BrickHeadz Iron Man MK50!,41604,Average,4.7,4.5,US,0.09891089108910892
10+,9.99,2.0,105,3.0,Feel the power of Infinity with LEGO® BrickHeadz Thanos!,41605,Easy,5.0,5.0,US,0.09514285714285714
10+,9.99,1.0,113,5.0,Be a legendary outlaw with LEGO® BrickHeadz Star-Lord!,41606,Easy,5.0,5.0,US,0.0884070796460177
10+,9.99,2.0,91,3.0,Join the Resistance with a LEGO® BrickHeadz construction character featuring Finn!,41485,Easy,4.5,4.0,US,0.10978021978021978
10+,9.99,7.0,140,3.2,Say “I love you” with a LEGO® BrickHeadz™ Valentine's Bee!,40270,Easy,4.9,4.7,US,0.07135714285714286
10+,9.99,5.0,143,4.6,Stand tall with LEGO® BrickHeadz Wonder Woman™!,41599,Easy,5.0,5.0,US,0.06986013986013986
10+,9.99,3.0,122,2.7,Live life in the fast lane with LEGO® BrickHeadz The Flash™!,41598,Very Easy,4.0,3.0,US,0.08188524590163934
10+,9.99,5.0,130,4.3,Summon the dark side with a LEGO® BrickHeadz construction character featuring Kylo Ren™!,41603,Easy,5.0,4.8,US,0.07684615384615384
10+,9.99,3.0,119,4.5,Feel the Force with a LEGO® BrickHeadz construction character featuring Rey!,41602,Easy,5.0,4.5,US,0.08394957983193277
10+,9.99,1.0,135,1.0,Dive in with LEGO® BrickHeadz Aquaman™!,41600,Very Easy,4.0,3.0,US,0.074
10+,9.99,2.0,108,3.5,Get an upgrade with LEGO® BrickHeadz Cyborg™,41601,Easy,5.0,4.0,US,0.0925
10+,19.99,1.0,240,3.0,Travel back to the future with LEGO® BrickHeadz™ Marty McFly and Doc Brown!,41611,Easy,5.0,5.0,US,0.08329166666666667
10+,9.99,4.0,126,2.0,Hop to it with a LEGO® BrickHeadz™ Easter Bunny!,40271,Easy,5.0,4.5,US,0.07928571428571429
10+,9.99,7.0,102,4.0,Unleash your true ninja spirit with LEGO® BrickHeadz Lloyd!,41487,Easy,5.0,4.7,US,0.09794117647058824
10+,9.99,5.0,89,3.2,Learn the way of the ninja with LEGO® BrickHeadz Master Wu!,41488,Very Easy,4.4,4.0,US,0.11224719101123595
10+,9.99,6.0,118,3.3,Lead a LEGO® BrickHeadz ghost crew featuring Disney’s Captain Armando Salazar!,41594,Very Easy,5.0,4.7,US,0.08466101694915254
10+,9.99,3.0,127,3.5,Lead the First Order with a LEGO® BrickHeadz construction character featuring Captain Phasma™,41486,Very Easy,4.7,4.7,US,0.07866141732283465
10+,9.99,11.0,91,3.8,Celebrate THE LEGO® BATMAN MOVIE with a LEGO BrickHeadz Batman!,41585,Very Easy,4.9,4.7,US,0.10978021978021978
10+,9.99,8.0,96,4.0,Stand your ground with your own LEGO® BrickHeadz Iron Man!,41590,Easy,4.9,4.4,US,0.1040625
10+,9.99,9.0,109,3.6,Treasure your own LEGO® BrickHeadz construction character featuring Disney’s Captain Jack Sparrow!,41593,Easy,4.8,4.6,US,0.09165137614678899
10+,9.99,8.0,93,3.9,Have a smashing time with LEGO® BrickHeadz The Hulk!,41592,Easy,4.6,4.1,US,0.10741935483870968
10+,9.99,10.0,139,4.2,Add some Disney fairytale romance with a LEGO® BrickHeadz construction character featuring Belle!,41595,Easy,4.8,4.7,US,0.0718705035971223
10+,9.99,2.0,116,5.0,Bring a classic Disney tale to life with a LEGO® BrickHeadz construction character featuring Beast!,41596,Average,5.0,5.0,US,0.08612068965517242
10+,9.99,12.0,151,3.3,Show off the evil trickster with LEGO® BrickHeadz The Joker™!,41588,Easy,4.8,4.7,US,0.066158940397351
10+,9.99,4.0,143,3.5,Recruit your own elite agent with LEGO® BrickHeadz Black Widow!,41591,Easy,4.8,4.8,US,0.06986013986013986
10+,9.99,10.0,101,4.3,Showcase the Boy Wonder with LEGO® BrickHeadz Robin™!,41587,Very Easy,4.8,4.9,US,0.09891089108910892
10+,9.99,9.0,99,3.5,Channel Batgirl™ with your own LEGO® BrickHeadz version!,41586,Easy,4.3,4.6,US,0.1009090909090909
6-12,199.99,35.0,888,4.7,Move heavy goods across LEGO® City with the Cargo Train!,60052,Average,4.4,3.8,US,0.22521396396396398
6-12,149.99,45.0,610,4.4,Get around LEGO® City fast in the High-speed Passenger Train!,60051,Average,4.4,4.0,US,0.24588524590163935
8-12,149.99,1.0,1250,5.0,Haul in fresh supplies at the exploration site!,60162,Average,5.0,4.0,US,0.119992
6-12,119.99,3.0,792,3.3,Sail the high seas and make a thrilling rescue!,60167,Average,3.7,3.3,US,0.15150252525252525
8-12,119.99,6.0,813,4.5,Discover the secrets of the jungle with the LEGO® City explorers!,60161,Average,4.3,4.0,US,0.1475891758917589
6-12,99.99,10.0,894,4.2,Throw the crooks back in jail after they break out!,60141,Easy,4.7,4.0,US,0.11184563758389261
6-12,99.99,16.0,919,4.5,Jump into action and save the hot dog stand… and lunch!,60110,Average,4.6,4.6,US,0.10880304678998912
6-12,89.99,8.0,663,4.4,Stop the crooks from breaking their partner out of jail!,60174,Average,4.6,4.0,US,0.1357315233785822
6-12,79.99,4.0,740,5.0,Load up the truck and deliver the goods!,60169,Average,5.0,4.3,US,0.10809459459459458
5-12,69.99,9.0,561,3.9,Protect the bank and stop the crooks!,60140,Easy,3.3,3.6,US,0.12475935828877005
7-12,59.99,3.0,426,4.7,Watch your step while you explore new things in the jungle!,60160,Average,5.0,4.7,US,0.14082159624413146
5-12,59.99,2.0,303,4.5,Fly in and surprise the crooks at their hideout!,60173,Average,4.0,2.5,US,0.197986798679868
6-12,59.99,8.0,415,4.4,Perform a daring helicopter rescue before the shark gets too close!,60166,Challenging,4.4,4.0,US,0.1445542168674699
6-12,49.99,10.0,374,3.9,Stop the crooks before they escape from the mobile jail!,60139,Easy,4.0,3.3,US,0.13366310160427808
5-12,49.99,16.0,337,3.6,"Hop on, there’s so much to see with the LEGO® City bus!",60154,Easy,3.3,2.7,US,0.14833827893175075
5-12,49.99,1.0,294,4.0,Drive in the heavy driller and start digging the cave!,60186,Average,5.0,4.0,US,0.17003401360544218
5-12,39.99,10.0,169,4.3,Pack your city with a bunch of new people!,60153,Very Easy,4.1,3.6,US,0.23662721893491126
5-12,39.99,14.0,294,4.2,Help Chase McCain and the police nab the crook!,60138,Average,4.2,4.1,US,0.1360204081632653
5-12,39.99,2.0,347,4.5,Race to the rescue on land and sea!,60165,Very Easy,5.0,5.0,US,0.1152449567723343
6-12,39.99,5.0,378,4.8,Defend the mission and dodge a surprise in the jungle!,60159,Easy,4.8,4.6,US,0.1057936507936508
5-12,39.99,8.0,257,4.2,Call the Fire Response Unit for help!,60108,Average,3.9,3.8,US,0.15560311284046693
5-12,29.99,7.0,344,5.0,"Load up the Pickup & Caravan, it’s time for a vacation!",60182,Easy,5.0,5.0,US,0.08718023255813953
5-12,29.99,7.0,310,4.4,Haul in the helicopter to handle the heavy lifting!,60183,Easy,4.7,4.7,US,0.09674193548387096
5-12,24.99,11.0,214,4.5,Put out the burning oil barrel!,60107,Easy,4.5,4.1,US,0.11677570093457944
6-12,19.99,4.0,192,5.0,Jump the fire and give the crowd a thrilling show!,60180,Average,5.0,5.0,US,0.10411458333333333
5-12,19.99,35.0,249,4.6,Order a pizza to go!,60150,Easy,4.9,4.8,US,0.08028112449799196
5-12,19.99,89.0,24,2.9,Get killer curves in your tracks!,7499,Easy,2.5,2.2,US,0.8329166666666666
5-12,19.99,12.0,239,4.7,Gear up for the big race!,60148,Easy,4.8,4.6,US,0.08364016736401673
5-12,19.99,6.0,190,4.2,Transport the mountain snowboarder to the hospital!,60179,Easy,3.8,4.7,US,0.10521052631578946
5-12,19.99,7.0,174,4.3,Load the freshly cut logs with the awesome Forest Tractor!,60181,Easy,4.4,4.2,US,0.11488505747126436
5-12,19.99,8.0,144,4.4,Catch the crook before he tows the safe away!,60137,Easy,4.3,4.0,US,0.13881944444444444
5-12,19.99,1.0,126,5.0,Speed after the crook on an exciting river chase!,60176,Easy,5.0,4.0,US,0.15865079365079363
5-12,19.99,1.0,127,5.0,Break up the rocks and discover the treasure inside!,60185,Easy,5.0,5.0,US,0.1574015748031496
5-12,19.99,3.0,141,4.3,Fly in and save the stranded sailor before he floats away!,60164,Easy,4.3,4.7,US,0.14177304964539006
6-12,19.99,5.0,201,4.3,Fly into the jungle and explore the hidden temple!,60158,Average,4.4,3.8,US,0.09945273631840795
5-12,15.99,47.0,8,4.2,"Switch tracks – build a bigger, more exciting railway track.",7895,Very Easy,4.1,3.6,US,1.99875
5-12,14.99,85.0,2,4.1,Add roads to your LEGO® town!,7280,Very Easy,3.5,2.3,US,7.495
5-12,14.99,40.0,2,4.1,Roads for your LEGO® layout!,7281,Very Easy,3.9,2.8,US,7.495
5-12,9.99,2.0,87,4.5,Wow the crowds in the sleek Airshow Jet!,60177,Easy,4.5,5.0,US,0.11482758620689655
5-12,9.99,12.0,88,4.5,Cruise into the jungle and make a big discovery!,60157,Easy,4.9,4.6,US,0.11352272727272728
5-12,9.99,4.0,76,4.8,Rescue the surfer and be a coast guard hero!,60163,Very Easy,5.0,4.5,US,0.13144736842105265
5-12,9.99,2.0,82,4.5,Blow up the rock pile and discover gold!,60184,Very Easy,5.0,4.0,US,0.12182926829268292
5-12,9.99,1.0,78,4.0,Climb in the cockpit and set a new speed record!,60178,Easy,5.0,4.0,US,0.1280769230769231
5-12,6.99,2.0,37,4.5,Catch the crook before he escapes with the loot!,60170,Very Easy,4.5,5.0,US,0.18891891891891893
5-12,6.99,5.0,53,3.8,Explore the depths of the jungle and find something amazing!,60156,Easy,3.6,4.2,US,0.1318867924528302
5-12,39.99,30.0,157,4.7,Fill up your city with people!,60134,Very Easy,4.6,4.0,US,0.25471337579617837
8-12,149.99,5.0,1277,5.0,Help out the volcano explorers and bring in the big equipment!,60125,Average,4.6,4.2,US,0.11745497259201254
8-12,119.99,9.0,824,5.0,Get busy with some serious scientific work!,60124,Average,4.6,4.6,US,0.14561893203883494
6-12,79.99,2.0,412,4.5,Save the lighthouse and rescue the keeper with the Fire Boat!,60109,Easy,4.5,4.0,US,0.1941504854368932
5-12,49.99,5.0,200,3.8,Keep the crook from escaping his boat ride to prison!,60129,Easy,3.2,2.0,US,0.24995
7-12,49.99,3.0,330,4.7,Fly in the exploration gear and fly out the crystals!,60123,Easy,4.3,4.0,US,0.1514848484848485
6-12,39.99,4.0,324,5.0,Bring out the heavy machinery to do exploring right!,60122,Average,5.0,4.5,US,0.12342592592592594
6-12,29.99,14.0,301,4.0,Take the Ferry to your next adventure!,60119,Easy,4.2,4.2,US,0.09963455149501661
5-12,29.99,8.0,248,3.4,Celebrate 24 fun days with the LEGO® City Advent Calendar!,60155,Easy,3.8,3.5,US,0.12092741935483871
5-12,24.99,13.0,157,4.4,Load up the Cargo Plane and get ready to fly!,60101,Easy,4.6,4.2,US,0.15917197452229298
5-12,24.99,6.0,175,4.8,Head off-road and make the big discoveries!,60121,Easy,4.8,4.4,US,0.14279999999999998
5-12,19.99,35.0,250,4.5,Pack up the gear; it’s time to go camping!,60117,Easy,4.6,4.6,US,0.07995999999999999
5-12,19.99,7.0,138,4.7,Catch the crook before she gets away with the safe!,60142,Easy,4.4,4.1,US,0.1448550724637681
5-12,9.99,8.0,80,4.1,Stop the crooks before they empty the ATM!,60136,Easy,4.6,4.3,US,0.124875
5-12,9.99,8.0,91,4.3,Strap in and jump some ramps!,60146,Easy,4.8,4.4,US,0.10978021978021978
5-12,9.99,7.0,81,4.9,Start your engine and race through the dunes!,60145,Very Easy,4.9,4.9,US,0.12333333333333334
5-12,9.99,7.0,83,4.7,Explore the volcano and make an exciting discovery!,60120,Easy,4.3,4.3,US,0.12036144578313253
5-12,9.99,10.0,81,4.4,Help get LEGO® City's mail on the helicopter!,60100,Very Easy,4.9,5.0,US,0.12333333333333334
5-12,9.99,11.0,90,3.9,Save the dockworker and put out the blaze!,60106,Easy,4.1,4.1,US,0.111
5-12,6.99,5.0,47,4.3,Chase down the crook with the ATV!,60135,Very Easy,4.4,4.6,US,0.14872340425531916
4-99,59.99,4.0,790,5.0,"Create all kinds of buildings with LEGO® bricks, windows and doors!",10698,Easy,5.0,5.0,US,0.0759367088607595
4-99,34.99,11.0,484,4.6,Create your own LEGO® vehicles with LEGO Classic!,10696,Easy,4.6,4.7,US,0.07229338842975207
4-99,19.99,2.0,213,5.0,Bring along a world of creativity in your own LEGO® Creative Suitcase!,10713,Very Easy,5.0,5.0,US,0.09384976525821595
4-99,19.99,8.0,303,4.8,"Get ideas, get creative and get building!",10693,Easy,4.9,4.9,US,0.06597359735973597
4-99,16.99,7.0,221,4.3,Get creative with classic LEGO® bricks in 29 different colors!,10692,Easy,4.1,4.3,US,0.07687782805429863
4-99,14.99,24.0,1,4.3,Add another useful piece to your LEGO® collection with this Gray Baseplate!,10701,Very Easy,4.1,3.5,US,14.99
4-99,7.99,6.0,1,4.7,Create your own world on a Blue LEGO® Baseplate!,10714,Very Easy,4.7,4.3,US,7.99
4-99,7.99,46.0,1,3.2,Add another useful piece to your LEGO® collection with this Bright Green Baseplate!,10700,Very Easy,2.6,2.5,US,7.99
4-99,4.99,8.0,78,4.6,Unleash your imagination with the LEGO® Blue Creativity Box!,10706,Very Easy,4.8,5.0,US,0.06397435897435898
4-99,4.99,5.0,66,4.5,Unleash your imagination with the LEGO® Green Creativity Box!,10708,Easy,4.8,4.5,US,0.07560606060606061
4-99,4.99,4.0,55,4.3,Unleash your imagination with the LEGO® Red Creativity Box!,10707,Average,4.5,4.3,US,0.09072727272727273
4-99,4.99,3.0,60,2.7,Unleash your imagination with the LEGO® Orange Creativity Box!,10709,Easy,4.7,5.0,US,0.08316666666666667
4+,2.49,180.0,1,4.0,Everyone needs one!,630,Very Easy,4.8,4.6,US,2.49
4-99,19.99,6.0,303,4.3,Build whatever your heart desires with LEGO® bricks in 20 different bright colors!,10694,Easy,4.5,4.3,US,0.06597359735973597
4-99,7.99,24.0,1,3.9,Add another useful piece to your LEGO® collection with this Sand Baseplate!,10699,Very Easy,3.6,2.9,US,7.99
8-12,69.99,11.0,728,3.2,Build and enjoy the delightful 3-in-1 Family Villa!,31069,Average,3.4,3.2,US,0.09614010989010989
9-12,59.99,14.0,670,4.2,Get behind the wheel of the awesome 3-in-1 Turbo Track Racer!,31070,Average,4.5,4.3,US,0.08953731343283583
8-12,39.99,4.0,422,4.0,Enjoy awesome activities at the 3-in-1 Modular Skate House!,31081,Average,4.8,4.3,US,0.09476303317535545
8-12,34.99,5.0,379,4.0,Enjoy seaside fun with the 3-in-1 Sunshine Surfer Van set!,31079,Easy,4.4,4.2,US,0.09232189973614777
7-12,34.99,2.0,374,4.0,Hit the slopes with the 3-in-1 Modular Winter Vacation set!,31080,Easy,3.5,4.0,US,0.09355614973262033
7-12,29.99,12.0,285,4.3,Launch a satellite with the 3-in-1 Space Shuttle Explorer!,31066,Easy,4.2,4.4,US,0.10522807017543859
8-12,29.99,10.0,386,3.2,Enjoy eco-friendly adventures with the 3-in-1 Modern Home!,31068,Average,3.8,3.9,US,0.07769430051813471
7-12,29.99,8.0,356,4.0,Play all day on a 3-in-1 Poolside Holiday!,31067,Average,4.6,4.9,US,0.08424157303370786
7-12,19.99,9.0,205,4.5,Have fun with the cute 3-in-1 Robo Explorer!,31062,Average,4.8,4.3,US,0.09751219512195121
7-12,19.99,2.0,241,4.5,Blast off from the start line in the 3-in-1 Rocket Rally Car!,31074,Easy,5.0,5.0,US,0.0829460580912863
7-12,19.99,1.0,200,5.0,Thrill the crowds with the 3-in-1 Daredevil Stunt Plane set!,31076,Average,5.0,5.0,US,0.09995
7-12,19.99,1.0,225,5.0,Head into the wilds with the 3-in-1 Outback Adventures set!,31075,Easy,4.0,4.0,US,0.08884444444444443
7-12,14.99,27.0,174,4.5,Enjoy roaring adventures with the 3-in-1 Mighty Dinosaurs!,31058,Easy,4.7,4.7,US,0.08614942528735632
7-12,14.99,5.0,223,4.7,Create a world of scary 3-in-1 Mythical Creatures!,31073,Easy,4.4,5.0,US,0.06721973094170404
6-12,9.99,6.0,122,4.5,Take an open-top drive in the cool 3-in-1 Green Cruiser!,31056,Easy,4.5,4.7,US,0.08188524590163934
6-12,9.99,1.0,102,4.0,Perform cool maneuvers with the 3-in-1 Air Blazer!,31057,Easy,4.0,4.0,US,0.09794117647058824
6-12,9.99,1.0,109,5.0,Be an eye in the sky with the 3-in-1 Drone Explorer!,31071,Average,5.0,5.0,US,0.09165137614678899
7-12,19.99,8.0,222,4.3,Get ready for the ultra-cool 3-in-1 Fast Car!,31046,Average,4.6,4.5,US,0.09004504504504504
8-12,19.99,1.0,194,5.0,Take the 3-in-1 Sunset Street Bike for high-speed spin!,31059,Average,5.0,5.0,US,0.10304123711340206
8-12,59.99,15.0,528,4.7,Meet the wildlife at the brightly lit Lighthouse Point!,31051,Average,4.7,4.3,US,0.11361742424242424
7-12,29.99,2.0,359,5.0,Fly to warmer climes for 3-in-1 Island Adventures!,31064,Average,4.5,4.5,US,0.08353760445682451
7-12,29.99,9.0,286,4.5,Enjoy summer adventures with the 3-in-1 Beach Hut!,31035,Easy,4.4,4.1,US,0.10486013986013985
7-12,29.99,5.0,275,4.0,Enjoy the beach life with the 3-in-1 Beachside Vacation!,31063,Average,4.2,3.4,US,0.10905454545454545
8-12,29.99,4.0,326,4.8,Conquer ice and snow with the 3-in-1 Twin Spin Helicopter!,31049,Average,5.0,4.8,US,0.09199386503067485
7-12,19.99,7.0,230,4.8,Take a flight in the cool 3-in-1 Propeller Plane!,31047,Average,4.9,4.7,US,0.08691304347826086
6-12,9.99,4.0,132,4.0,Airlift vital supplies with the awesome 3-in-1 Cargo Heli!,31029,Average,4.8,4.8,US,0.07568181818181818
16+,369.99,43.0,5923,3.9,Discover the architectural wonder of the Taj Mahal!,10256,Challenging,4.8,4.5,US,0.06246665541110924
16+,169.99,62.0,2480,4.4,Discover a place where music is on the menu!,10260,Challenging,4.6,4.3,US,0.06854435483870969
12+,79.99,51.0,902,3.8,Head home for the holidays with the Winter Village Station!,10259,Average,3.8,3.4,US,0.08868070953436806
16+,279.99,99.0,4002,4.7,Celebrate ten years of Modular Building with the Assembly Square!,10255,Challenging,4.8,4.5,US,0.06996251874062968
16+,249.99,64.0,4163,3.7,Build the world’s best-known clock tower!,10253,Challenging,4.6,4.6,US,0.06005044439106414
16+,239.99,228.0,4295,4.2,Build London's famous Tower Bridge!,10214,Challenging,4.8,4.6,US,0.055876600698486614
16+,199.99,53.0,2670,4.2,Discover the fairground’s star attraction with the Carousel!,10257,Challenging,4.4,4.2,US,0.07490262172284645
16+,199.99,91.0,2464,4.9,Experience the wonderful LEGO® Creator Ferris Wheel!,10247,Challenging,4.9,4.7,US,0.08116477272727272
16+,169.99,115.0,2382,4.5,Make a safe deposit at the Brick Bank!,10251,Challenging,4.7,4.2,US,0.07136439966414777
16+,159.99,202.0,2469,4.7,Have an unforgettable evening at the amazing Parisian Restaurant!,10243,Challenging,4.9,4.7,US,0.06479951397326854
16+,159.99,177.0,2262,4.4,Discover hidden clues and surprises at the Detective's Office!,10246,Challenging,4.6,4.4,US,0.07072944297082229
16+,139.99,53.0,1686,4.1,All aboard the London Bus!,10258,Average,4.6,4.3,US,0.08303084223013049
16+,119.99,337.0,1334,4.3,Road trips will never be the same again with the iconic 1962 Volkswagen T1 Camper Van,10220,Challenging,4.7,4.5,US,0.08994752623688156
16+,99.99,66.0,1167,4.5,Head for the beach with the VW Beetle!,10252,Average,4.9,4.7,US,0.08568123393316195
16+,99.99,134.0,1077,4.4,Take this MINI Cooper for a nostalgic drive down memory lane!,10242,Average,4.7,4.5,US,0.09284122562674094
12+,99.99,77.0,734,4.3,Climb aboard the magical Winter Holiday Train!,10254,Average,4.3,4.1,US,0.13622615803814714
14+,269.99,19.0,3444,4.9,Dare to enter The Joker™ Manor!,70922,Challenging,5.0,4.9,US,0.07839430894308944
9-14,129.99,13.0,955,4.1,Unleash the Batmobile from The Flying Fox!,76087,Average,3.7,3.0,US,0.1361151832460733
7-14,89.99,6.0,267,4.7,"With LEGO® Dimensions™, you're gonna need a bigger imagination!",71171,Average,4.3,4.0,US,0.33704119850187264
8-14,79.99,9.0,643,4.4,Launch a space mission from the Batcave!,70923,Average,4.8,3.5,US,0.12440124416796267
7-14,49.99,6.0,622,5.0,Fight for the Mother Box with Batman’s Knightcrawler!,76086,Average,5.0,4.8,US,0.08036977491961415
7-14,49.99,5.0,425,3.2,Dodge Harley Quinn’s cannonball attacks!,70921,Average,3.2,2.6,US,0.11762352941176471
7-14,39.99,5.0,406,5.0,Power up for battle against the Lex Luthor™ Mech!,76097,Average,4.8,4.8,US,0.09849753694581281
6-12,29.99,6.0,271,4.5,Pursue Reverse Flash™ and grab the Energy Infuser!,76098,Easy,4.8,4.5,US,0.11066420664206641
7-14,29.99,5.0,267,3.6,Party on with Superman™ and friends!,70919,Easy,3.2,3.4,US,0.11232209737827714
7-14,29.99,11.0,293,4.9,Join Batman™ in a comical food fight!,70920,Average,4.7,4.6,US,0.10235494880546074
4-7,24.99,1.0,151,5.0,Swoop in with Batman™ and take on the Joker™!,10753,Easy,5.0,5.0,US,0.16549668874172185
6-12,19.99,9.0,197,3.9,Protect the precious Mother Box from the evil Parademon™!,76085,Easy,4.2,3.9,US,0.1014720812182741
6-12,19.99,1.0,199,5.0,Help Superman™ bust out of the Kryptonite prison!,76096,Average,5.0,5.0,US,0.10045226130653266
10+,9.99,5.0,143,4.6,Stand tall with LEGO® BrickHeadz Wonder Woman™!,41599,Easy,5.0,5.0,US,0.06986013986013986
10+,9.99,3.0,122,2.7,Live life in the fast lane with LEGO® BrickHeadz The Flash™!,41598,Very Easy,4.0,3.0,US,0.08188524590163934
10+,9.99,1.0,135,1.0,Dive in with LEGO® BrickHeadz Aquaman™!,41600,Very Easy,4.0,3.0,US,0.074
10+,9.99,2.0,108,3.5,Get an upgrade with LEGO® BrickHeadz Cyborg™,41601,Easy,5.0,4.0,US,0.0925
8-12,79.99,7.0,712,3.7,Train your skills and learn how to become a Super Hero!,41232,Average,3.9,3.6,US,0.11234550561797751
7-12,24.99,4.0,206,5.0,Recover Batgirl’s ePad from the evil Kryptomite™!,41230,Easy,4.5,4.3,US,0.12131067961165047
7-12,29.99,2.0,217,5.0,Save the super hero café from the evil Kryptomites!,41231,Average,5.0,4.5,US,0.13820276497695852
7-12,14.99,2.0,145,4.5,Rescue Krypto™ from Lashina’s clutches!,41233,Average,4.0,5.0,US,0.10337931034482759
14+,269.99,47.0,2526,4.5,Drive the villains out from Batman's Batcave!,76052,Average,4.6,4.2,US,0.10688440221694379
8-14,79.99,11.0,759,4.2,Bite back against Killer Croc™ with the Bat-Tank!,76055,Average,4.3,3.9,US,0.10538866930171277
7-14,59.99,9.0,563,4.7,Help Batman™ rescue the farmer from Scarecrow™ and Killer Moth™!,76054,Easy,4.6,4.4,US,0.10655417406749557
7-12,44.99,1.0,351,5.0,Help Batgirl™ nab Mad Harriet™ and recover the microchip!,41237,Average,5.0,5.0,US,0.12817663817663819
7-14,29.99,18.0,306,4.5,Intercept the Kryptonite with the armored Batmobile!,76045,Average,4.6,4.3,US,0.09800653594771241
6-12,29.99,7.0,286,5.0,Help Wonder Woman™ defeat the villainous Ares™!,76075,Easy,4.7,4.8,US,0.10486013986013985
6-12,29.99,8.0,257,4.5,Break out Robin™ from Ra's al Ghul's secret headquarters!,76056,Average,4.4,3.9,US,0.11669260700389104
6-12,19.99,32.0,174,4.6,Zoom into orbit and recover Green Lantern’s lantern!,76025,Easy,4.8,4.7,US,0.11488505747126436
7-12,14.99,2.0,142,4.5,Keep the crystals from the evil Kryptomites!,41234,Average,4.0,3.5,US,0.10556338028169014
6-12,12.99,30.0,91,4.3,Get set for a Batman™ v Superman™ rooftop duel!,76044,Easy,4.3,4.4,US,0.14274725274725275
10+,9.99,11.0,91,3.8,Celebrate THE LEGO® BATMAN MOVIE with a LEGO BrickHeadz Batman!,41585,Very Easy,4.9,4.7,US,0.10978021978021978
5-12,9.99,3.0,93,4.7,Stage a Kryptonite clash with Superman™ and Bizarro™!,76068,Easy,4.7,5.0,US,0.10741935483870968
10+,9.99,12.0,151,3.3,Show off the evil trickster with LEGO® BrickHeadz The Joker™!,41588,Easy,4.8,4.7,US,0.066158940397351
10+,9.99,10.0,101,4.3,Showcase the Boy Wonder with LEGO® BrickHeadz Robin™!,41587,Very Easy,4.8,4.9,US,0.09891089108910892
5-12,9.99,1.0,83,5.0,Fly Batman™ into battle against Killer Moth™!,76069,Easy,5.0,5.0,US,0.12036144578313253
5-12,9.99,2.0,85,5.0,Dive into battle against Doomsday™ with Wonder Woman™!,76070,Easy,5.0,5.0,US,0.11752941176470588
10+,9.99,9.0,99,3.5,Channel Batgirl™ with your own LEGO® BrickHeadz version!,41586,Easy,4.3,4.6,US,0.1009090909090909
8-12,79.99,7.0,712,3.7,Train your skills and learn how to become a Super Hero!,41232,Average,3.9,3.6,US,0.11234550561797751
7-12,24.99,4.0,206,5.0,Recover Batgirl’s ePad from the evil Kryptomite™!,41230,Easy,4.5,4.3,US,0.12131067961165047
7-12,29.99,2.0,217,5.0,Save the super hero café from the evil Kryptomites!,41231,Average,5.0,4.5,US,0.13820276497695852
7-12,14.99,2.0,145,4.5,Rescue Krypto™ from Lashina’s clutches!,41233,Average,4.0,5.0,US,0.10337931034482759
7-12,44.99,1.0,351,5.0,Help Batgirl™ nab Mad Harriet™ and recover the microchip!,41237,Average,5.0,5.0,US,0.12817663817663819
7-12,14.99,2.0,142,4.5,Keep the crystals from the evil Kryptomites!,41234,Average,4.0,3.5,US,0.10556338028169014
7-14,89.99,6.0,267,4.7,"With LEGO® Dimensions™, you're gonna need a bigger imagination!",71171,Average,4.3,4.0,US,0.33704119850187264
7-14,14.99,1.0,56,4.0,"Save the world before bedtime in the LEGO® DIMENSIONS™ multiverse with Buttercup™, the toughest fighter!",71343,Easy,5.0,5.0,US,0.26767857142857143
7-14,14.99,1.0,56,5.0,It’s showtime! Bring Beetlejuice™ to life in the LEGO® DIMENSIONS™ multiverse for an eerie adventure!,71349,Easy,5.0,5.0,US,0.26767857142857143
7-14,24.99,2.0,105,3.5,Fight off villains with Raven and Beast Boy in the Teen Titans Go!™ Team Pack!,71255,Easy,4.0,3.5,US,0.238
7-14,49.99,5.0,259,4.8,Get spooky with Abby Yates and the Ghostbusters™!,71242,Average,4.2,3.6,US,0.19301158301158303
7-14,44.99,2.0,156,4.5,Fight crime with Batgirl™ and Robin™ in THE LEGO® BATMAN MOVIE!,71264,Easy,4.5,3.5,US,0.2883974358974359
7-14,29.99,2.0,118,5.0,Search for treasure while avoiding the Fratelli family in the Goonies™ Level Pack!,71267,Average,5.0,5.0,US,0.2541525423728813
7-14,29.99,6.0,76,4.2,Hang by a thread with Ethan on a Mission: Impossible™ level!,71248,Easy,4.5,3.4,US,0.39460526315789474
7-14,24.99,2.0,92,4.0,Get devious with DC Comics' The Joker™ & Harley Quinn™!,71229,Easy,4.0,3.5,US,0.2716304347826087
7-14,24.99,11.0,96,3.4,Go retro with the LEGO® DIMENSIONS™ Midway Arcade™ Level Pack!,71235,Average,3.2,3.7,US,0.2603125
7-14,14.99,1.0,64,5.0,Continue your wizarding adventures in LEGO® DIMENSIONS™ with your very own Harry Potter™ Fun Pack featuring Hermione Granger.,71348,Very Easy,5.0,5.0,US,0.23421875
7-14,14.99,2.0,46,5.0,Help stop crime in the LEGO® DIMENSIONS™ multiverse with LEGO® City’s Fun Pack,71266,Average,5.0,5.0,US,0.3258695652173913
7-14,11.99,7.0,40,4.5,Set out on time-traveling adventures with Cyberman™ from Doctor Who!,71238,Easy,4.6,4.3,US,0.29975
7-14,11.99,3.0,39,4.0,Keep watch over the multiverse from the shadows with Gollum™ from The Lord of the Rings™!,71218,Easy,4.3,3.7,US,0.30743589743589744
7-14,11.99,4.0,59,4.0,Team up with LEGO® Chima’s™ Eris to outsmart the competition!,71232,Average,3.8,3.0,US,0.20322033898305086
16+,349.99,171.0,4080,4.5,Welcome to the magical Disney Castle!,71040,Challenging,4.7,4.5,US,0.08578186274509804
14+,199.99,52.0,2294,3.3,Discover the secrets of the Silent Mary!,71042,Average,4.5,4.3,US,0.0871795989537925
6-12,79.99,5.0,701,4.0,Spend a day in the snow at Elsa’s Magical Ice Palace!,41148,Average,4.0,3.8,US,0.11410841654778886
6-12,69.99,3.0,585,4.3,Dine and dance at the Dream Castle with Disney Cinderella.,41154,Challenging,4.3,3.3,US,0.11964102564102563
6-12,49.99,3.0,380,4.3,Sail off to new adventures with Disney Ariel and Eric.,41153,Average,4.3,3.3,US,0.13155263157894737
6-12,39.99,3.0,307,4.7,Set sail with Moana to restore the heart of Te Fiti!,41150,Easy,4.7,4.7,US,0.13026058631921825
6-12,39.99,3.0,322,4.7,Help Disney Aurora turn the spinning wheel in her Fairytale Castle!,41152,Easy,4.3,4.3,US,0.12419254658385094
6-12,39.99,4.0,350,4.3,Drive off in Cinderella’s beautiful horse-drawn carriage!,41146,Average,4.8,4.3,US,0.11425714285714286
4-7,34.99,2.0,191,5.0,Roll up for a demolition derby at the Disney•Pixar Thunder Hollow Crazy 8 Race!,10744,Average,5.0,4.5,US,0.18319371727748693
5-12,29.99,2.0,222,5.0,Explore the secrets of the sea with Ariel and Flounder.,41145,Average,5.0,4.5,US,0.13509009009009007
4-7,24.99,3.0,94,4.7,Play in the snow with Anna and Elsa at the ice palace!,10736,Average,4.7,4.7,US,0.26585106382978724
4-7,19.99,2.0,116,5.0,Fix Disney•Pixar’s Lightning McQueen for his next exciting race!,10743,Easy,4.5,5.0,US,0.17232758620689653
4-7,19.99,2.0,95,2.5,Smash the speed record with Disney•Pixar’s Lightning McQueen and Sheriff!,10742,Easy,3.0,3.0,US,0.21042105263157893
5-12,14.99,1.0,104,5.0,"Get in training with Disney Mulan, ready for the challenge ahead!",41151,Average,5.0,5.0,US,0.1441346153846154
4-7,9.99,8.0,47,3.9,Power on and win with Disney•Pixar’s Lightning McQueen!,10730,Very Easy,4.0,3.9,US,0.21255319148936172
4-7,9.99,3.0,62,4.3,Take a break at the junkyard with Disney•Pixar’s Mater and his video screen!,10733,Easy,4.7,5.0,US,0.16112903225806452
6+,9.99,1.0,115,4.0,Decorate and customize your castle!,40307,Easy,5.0,4.0,US,0.08686956521739131
6+,9.99,1.0,80,5.0,Create beautiful mini-doll outfits!,40388,Easy,5.0,5.0,US,0.124875
4-7,9.99,3.0,59,4.3,Help Disney•Pixar’s Cruz Ramirez become the fastest race car around!,10731,Easy,5.0,4.3,US,0.16932203389830508
10+,9.99,6.0,118,3.3,Lead a LEGO® BrickHeadz ghost crew featuring Disney’s Captain Armando Salazar!,41594,Very Easy,5.0,4.7,US,0.08466101694915254
5-12,29.99,11.0,174,4.3,Help Anna and Kristoff bring summer back to Arendelle!,41066,Easy,4.0,3.8,US,0.17235632183908045
5-12,24.99,2.0,205,5.0,Help Moana find the heart of Te Fiti and fulfill her destiny!,41149,Challenging,4.5,4.5,US,0.12190243902439024
5-12,19.99,1.0,186,5.0,Host a grand ball for all the Palace Pets!,41142,Very Easy,5.0,5.0,US,0.10747311827956989
5-12,19.99,2.0,153,5.0,Take a break with Anna and her horse on their journey!,41147,Easy,5.0,5.0,US,0.13065359477124183
10+,9.99,9.0,109,3.6,Treasure your own LEGO® BrickHeadz construction character featuring Disney’s Captain Jack Sparrow!,41593,Easy,4.8,4.6,US,0.09165137614678899
10+,9.99,10.0,139,4.2,Add some Disney fairytale romance with a LEGO® BrickHeadz construction character featuring Belle!,41595,Easy,4.8,4.7,US,0.0718705035971223
10+,9.99,2.0,116,5.0,Bring a classic Disney tale to life with a LEGO® BrickHeadz construction character featuring Beast!,41596,Average,5.0,5.0,US,0.08612068965517242
2-5,109.99,22.0,134,4.6,Take the rocks down the track with the Deluxe Train Set!,10508,Average,4.1,3.7,US,0.820820895522388
2-5,99.99,8.0,163,4.9,Go Around the World on LEGO® DUPLO® adventures!,10805,Easy,5.0,4.8,US,0.6134355828220859
2-5,79.99,1.0,106,4.0,Enjoy a day of family fun at LEGO® DUPLO® Big Fair!,10840,Easy,5.0,4.0,US,0.7546226415094339
2-5,49.99,1.0,67,5.0,"Get busy with a bulldozer, tipper truck and posable crane!",10813,Average,5.0,5.0,US,0.7461194029850746
2-5,44.99,11.0,52,4.9,Hop aboard My First Train Set for beginning builder fun!,10507,Easy,4.7,4.4,US,0.8651923076923077
2-5,39.99,3.0,28,5.0,"Hang out with Lightning McQueen, Mack and Cruz Ramirez!",10846,Easy,5.0,4.5,US,1.4282142857142859
2-5,34.99,3.0,48,5.0,Spend a day at the beach with Mickey Mouse and friends!,10827,Very Easy,5.0,5.0,US,0.7289583333333334
2-5,29.99,2.0,57,5.0,Enjoy a delicious pizza at the LEGO® DUPLO® Pizzeria!,10834,Average,5.0,5.0,US,0.5261403508771929
2-5,29.99,3.0,28,4.3,Help Batman™ use the Batwing to retrieve the stolen treasure back from The Penguin!,10823,Average,4.3,3.3,US,1.0710714285714285
2-5,29.99,1.0,31,5.0,Race Lightning McQueen and Jackson Storm for the Piston Cup!,10857,Easy,5.0,4.0,US,0.9674193548387097
2-5,29.99,5.0,45,4.5,Build your own holiday season fun with Santa and his sleigh!,10837,Easy,4.2,3.8,US,0.6664444444444444
2-5,29.99,1.0,37,5.0,Help Rapunzel groom Maximus and play out life in the tower.,10878,Very Easy,5.0,5.0,US,0.8105405405405405
1½-5,29.99,4.0,65,4.8,"Learn to discover, build and count with the All-In-One Box of Fun!",10572,Very Easy,5.0,4.0,US,0.46138461538461534
2-5,24.99,2.0,26,5.0,Rush to save the burning building in the LEGO® DUPLO® Fire Truck!,10592,Very Easy,5.0,5.0,US,0.9611538461538461
2-5,24.99,4.0,24,5.0,Celebrate your birthday with Mickey and Minnie!,10597,Easy,4.8,4.7,US,1.04125
1½-3,24.99,6.0,24,2.2,Turn the cone to make the carousel spin!,10845,Average,2.2,3.2,US,1.04125
2-5,19.99,2.0,39,5.0,Play and learn all day long at the LEGO® DUPLO® Preschool!,10833,Average,5.0,5.0,US,0.5125641025641026
1½-3,19.99,5.0,23,5.0,Introduce counting with this easy-to-build train!,10847,Easy,5.0,4.8,US,0.8691304347826087
1½-5,19.99,6.0,36,4.8,Learn to build and create your own fleet of LEGO® DUPLO® vehicles!,10816,Easy,5.0,4.7,US,0.5552777777777778
2-5,19.99,2.0,26,5.0,"Dig and shovel all day, then drive the rubble away!",10812,Average,5.0,5.0,US,0.7688461538461537
2-5,19.99,1.0,23,5.0,Join in Mater’s video chat with Lightning McQueen!,10856,Easy,5.0,5.0,US,0.8691304347826087
2-5,14.99,1.0,15,3.0,Stop the crook and lock him in the police van!,10809,Easy,4.0,3.0,US,0.9993333333333333
1½-5,14.99,15.0,1,4.4,Start creations here!,2304,Easy,4.0,3.3,US,14.99
2-5,9.99,2.0,15,5.0,Play all day with the cute LEGO® DUPLO® Family Pets!,10838,Very Easy,5.0,5.0,US,0.666
2-5,29.99,1.0,28,5.0,Lock up Green Goblin in Spider-Man's amazing Spider Truck!,10608,Average,5.0,5.0,US,1.0710714285714285
2-5,14.99,3.0,13,3.0,Tune up the motorcycle in Spider-Man's workshop!,10607,Easy,3.7,2.5,US,1.153076923076923
2-5,59.99,2.0,110,3.0,Combine the bricks to create your own buildings and stories!,10820,Very Easy,3.5,4.0,US,0.5453636363636364
2-5,49.99,2.0,86,4.5,Fly through the Jungle and make some animal friends!,10804,Easy,4.5,4.0,US,0.5812790697674419
2-5,29.99,2.0,30,5.0,Join Sofia the First and ride along in her magical carriage!,10822,Very Easy,5.0,4.5,US,0.9996666666666666
2-5,19.99,3.0,29,5.0,Head off on your holidays with the LEGO® DUPLO® Airport!,10590,Easy,5.0,4.7,US,0.6893103448275861
1½-5,19.99,3.0,25,4.7,Learn about daily routines with this easy-to-build set!,10616,Easy,5.0,4.7,US,0.7996
1½-5,14.99,3.0,12,5.0,Learn about colors and fruits with this easy-to-build set!,10615,Very Easy,5.0,4.7,US,1.2491666666666668
2-5,9.99,4.0,13,4.3,Look after baby animals from all around the world!,10801,Easy,5.0,4.3,US,0.7684615384615385
2-5,9.99,1.0,13,5.0,"Safety check the LEGO® DUPLO® Little Plane, then head for the skies!",10808,Very Easy,5.0,5.0,US,0.7684615384615385
1½-3,4.99,2.0,7,4.5,Watch budding builders take flight with this colorful parrot!,10852,Very Easy,5.0,5.0,US,0.7128571428571429
1½-3,4.99,2.0,8,4.5,Watch little bakers serve up cute LEGO® DUPLO® cakes!,10850,Easy,5.0,5.0,US,0.62375
8-12,49.99,6.0,460,4.5,Heal the baby dragon and transform a goblin from bad to good!,41187,Average,4.3,4.2,US,0.10867391304347826
8-12,39.99,2.0,451,4.5,Join forces with Aira and Lumia to protect the Wind Dragon!,41193,Average,5.0,4.5,US,0.08866962305986696
8-12,29.99,8.0,339,4.3,Search for crystals in the cave with the evil Goblin King!,41183,Average,4.3,4.4,US,0.08846607669616519
8-12,29.99,2.0,360,4.0,Free the Guardian Fire Lion from the evil shadow bats’ chain!,41192,Average,4.0,3.5,US,0.08330555555555555
7-12,19.99,2.0,205,5.0,Help Naida defend the Guardian Water Turtle from the shadow bat!,41191,Average,5.0,5.0,US,0.09751219512195121
7-12,19.99,2.0,145,5.0,Escape the carnivorous plants with Azari and Firebolt!,41186,Average,5.0,3.5,US,0.13786206896551723
7-12,14.99,2.0,149,5.0,Help Emily Jones find the lost diary page and outwit the shadow bat!,41190,Easy,5.0,5.0,US,0.10060402684563759
7-12,59.99,3.0,637,5.0,Explore the secret Goblin Village without getting caught!,41185,Average,5.0,4.5,US,0.09417582417582418
7-12,9.99,3.0,67,5.0,Protect the crystals from the goblin thief!,41181,Easy,5.0,5.0,US,0.1491044776119403
7-12,19.99,4.0,226,5.0,Protect Sophie Jones from being captured in Elvendale!,41182,Average,4.5,5.0,US,0.08845132743362831
7-12,99.99,4.0,871,5.0,Look after the sick and injured people of Heartlake City!,41318,Average,4.8,4.0,US,0.11479908151549942
6-12,69.99,8.0,622,4.6,Make cakes ready for a party at Stephanie’s House!,41314,Average,4.1,3.3,US,0.112524115755627
7-12,69.99,2.0,603,5.0,Jump aboard the luxury Sunshine Catamaran with friends!,41317,Challenging,4.5,5.0,US,0.11606965174129352
6-12,69.99,7.0,722,4.6,Plot mission after mission together at the Friendship House!,41340,Average,4.1,4.0,US,0.09693905817174514
8-12,59.99,3.0,585,3.3,Get into winter sports with friends at the snow resort!,41324,Average,3.7,3.7,US,0.10254700854700854
6-12,49.99,6.0,589,4.8,Enjoy swimming in the sunshine at the Heartlake Summer Pool!,41313,Easy,4.5,4.0,US,0.08487266553480476
6-12,44.99,1.0,460,4.0,Show off your sporting prowess at the Sports Arena!,41338,Average,4.0,1.0,US,0.09780434782608696
7-12,39.99,4.0,402,5.0,Stay cozy and warm in the beautiful log cabin!,41323,Average,5.0,4.5,US,0.09947761194029851
6-12,39.99,3.0,326,4.0,Have fun playing at Heartlake City Playground with Mia and Sienna!,41325,Challenging,3.7,3.0,US,0.12266871165644172
6-12,32.99,3.0,378,4.7,Get inspired with Emma at her favorite Art Café!,41336,Average,2.7,3.3,US,0.08727513227513228
6-12,29.99,2.0,351,5.0,Climb up to the tree house and help Mia settle in!,41335,Challenging,5.0,5.0,US,0.08544159544159544
6-12,29.99,2.0,307,5.0,Glide across the ice and show off your skills!,41322,Average,4.5,4.5,US,0.0976872964169381
6-12,29.99,1.0,309,5.0,Cruise in style to the hottest beach party in town!,41316,Easy,5.0,5.0,US,0.09705501618122978
6-12,29.99,7.0,289,3.8,Enjoy pizza with friends at Heartlake’s Italian restaurant!,41311,Easy,4.1,3.7,US,0.10377162629757784
6-12,24.99,3.0,246,5.0,Keep warm with delicious hot chocolate from the van!,41319,Easy,4.0,4.0,US,0.10158536585365853
6-12,24.99,1.0,229,5.0,Put on a show in the park with Andrea and Pepper!,41334,Average,5.0,5.0,US,0.10912663755458514
6-12,19.99,4.0,186,5.0,Get ready for a day of watersports action at the Surf Shop!,41315,Easy,4.5,4.8,US,0.10747311827956989
6-12,14.99,1.0,163,5.0,Work on Olivia’s latest invention in her hi-tech bedroom!,41329,Easy,4.0,2.0,US,0.09196319018404908
4-7,9.99,2.0,67,5.0,Join Emma and her cat for a fun party in the park!,10748,Very Easy,5.0,4.0,US,0.1491044776119403
6-12,9.99,2.0,95,4.5,Stephanie is always on the go… even at home in her bedroom!,41328,Easy,5.0,5.0,US,0.1051578947368421
6-12,9.99,3.0,86,2.3,Explore Mia’s bedroom and discover her personality!,41327,Average,3.0,2.7,US,0.11616279069767442
6+,12.99,2.0,249,5.0,Keep things safe inside this cute buildable hedgehog!,40171,Average,5.0,5.0,US,0.05216867469879518
6-12,29.99,5.0,286,5.0,Look after Heartlake's coolest canines!,41124,Average,5.0,5.0,US,0.10486013986013985
6-12,29.99,5.0,176,2.8,Head to the Heartlake Party Shop for all your celebration supplies!,41132,Easy,2.8,1.8,US,0.17039772727272726
7-12,79.99,5.0,774,3.8,"Learn to sing, dance and play with friends in Heartlake City!",41134,Easy,2.8,2.4,US,0.10334625322997415
6-12,59.99,5.0,575,5.0,Train for the next big horse show at the Heartlake Riding Club!,41126,Average,5.0,5.0,US,0.1043304347826087
6-12,39.99,3.0,328,4.5,Stay fit and healthy at the Heartlake Sports Center!,41312,Average,4.7,4.5,US,0.12192073170731708
5-12,29.99,18.0,217,2.7,Count down to Christmas with LEGO® Friends!,41326,Easy,2.6,2.6,US,0.13820276497695852
6-12,19.99,1.0,185,4.0,Drive the van to send special gifts all around Heartlake City!,41310,Easy,4.0,5.0,US,0.10805405405405405
5-12,9.99,1.0,79,3.0,Hop on the scooter and zoom off to catch some waves!,41306,Easy,4.0,5.0,US,0.12645569620253164
5-12,9.99,2.0,77,4.5,Pamper Emma's cute pet foal at the Foal's Washing Station!,41123,Easy,5.0,4.5,US,0.12974025974025974
5-12,4.99,1.0,45,5.0,Get puppy Lara ready for her big dog show debut!,41302,Easy,5.0,5.0,US,0.1108888888888889
16+,349.99,130.0,4634,4.7,Get ready to bust some ghosts at the Firehouse Headquarters!,75827,Challenging,4.8,4.7,US,0.07552654294346138
8-14,59.99,24.0,556,4.6,Speed after Mayhem with the LEGO® Ghostbusters™ Ecto-1 & 2 vehicles!,75828,Average,4.8,4.3,US,0.10789568345323741
12+,69.99,83.0,962,3.7,"Designed by fan creator, Jake Sadovich, Idaho, USA.",21313,Average,4.5,4.2,US,0.07275467775467775
10+,34.99,30.0,230,4.1,Reimagine Disney’s TRON: Legacy movie scenes with LEGO® bricks!,21314,Easy,4.4,3.7,US,0.1521304347826087
12+,149.99,79.0,2049,4.8,Prepare for the ultimate fishing trip!,21310,Average,5.0,4.7,US,0.0732015617374329
14+,119.99,367.0,1969,4.6,Build the first rocket to land people on the Moon!,21309,Challenging,4.9,4.9,US,0.060939563230066024
9+,49.99,23.0,496,3.6,What time is it? It’s LEGO® Adventure Time™!,21308,Easy,3.3,2.7,US,0.10078629032258064
10+,24.99,33.0,231,4.4,"Build, play and learn from inspiring women of NASA!",21312,Easy,4.6,4.5,US,0.10818181818181817
12+,79.99,51.0,773,3.3,Add quirky vehicle style to your shelf or desk!,21307,Average,4.1,4.0,US,0.10347994825355757
5-8,49.99,1.0,266,5.0,Race with Disney•Pixar’s Lightning McQueen for the trophy!,10745,Challenging,5.0,5.0,US,0.18793233082706767
4-7,34.99,2.0,191,5.0,Roll up for a demolition derby at the Disney•Pixar Thunder Hollow Crazy 8 Race!,10744,Average,5.0,4.5,US,0.18319371727748693
4-7,24.99,3.0,94,4.7,Play in the snow with Anna and Elsa at the ice palace!,10736,Average,4.7,4.7,US,0.26585106382978724
4-7,24.99,1.0,151,5.0,Swoop in with Batman™ and take on the Joker™!,10753,Easy,5.0,5.0,US,0.16549668874172185
4-7,19.99,2.0,116,5.0,Fix Disney•Pixar’s Lightning McQueen for his next exciting race!,10743,Easy,4.5,5.0,US,0.17232758620689653
4-7,19.99,2.0,100,5.0,It’s feeding time down at the animal farm!,10746,Easy,5.0,4.5,US,0.1999
4-7,19.99,2.0,95,2.5,Smash the speed record with Disney•Pixar’s Lightning McQueen and Sheriff!,10742,Easy,3.0,3.0,US,0.21042105263157893
4-7,19.99,2.0,108,4.5,Help Kai and Lloyd save NINJAGO® City from Great White!,10739,Easy,4.5,4.0,US,0.1850925925925926
4-7,14.99,2.0,67,5.0,Help Snow White choose a pie to bake for her animal friends!,10738,Average,5.0,5.0,US,0.2237313432835821
4-7,14.99,2.0,63,4.0,Battle Mr. Freeze™ with Batman™ and his Batboat on the Gotham City Sea!,10737,Easy,4.5,4.0,US,0.23793650793650795
4-7,9.99,8.0,47,3.9,Power on and win with Disney•Pixar’s Lightning McQueen!,10730,Very Easy,4.0,3.9,US,0.21255319148936172
4-7,9.99,3.0,62,4.3,Take a break at the junkyard with Disney•Pixar’s Mater and his video screen!,10733,Easy,4.7,5.0,US,0.16112903225806452
4-7,9.99,2.0,67,5.0,Join Emma and her cat for a fun party in the park!,10748,Very Easy,5.0,4.0,US,0.1491044776119403
4-7,9.99,3.0,59,4.3,Help Disney•Pixar’s Cruz Ramirez become the fastest race car around!,10731,Easy,5.0,4.3,US,0.16932203389830508
4-7,29.99,1.0,143,5.0,Have fun at the seaside with Stephanie and Andrea!,10747,Average,5.0,4.0,US,0.2097202797202797
4-7,29.99,5.0,137,4.4,Protect the Spider-Man™ Hideout against an aerial assault from Green Goblin!,10687,Very Easy,4.2,3.8,US,0.2189051094890511
4-7,29.99,1.0,172,4.0,Discover the Lost Temple and help Lloyd win the Sword of Fire!,10725,Very Easy,4.0,4.0,US,0.17436046511627906
4-7,19.99,3.0,90,5.0,Catch the crook before he gets away!,10735,Easy,5.0,4.7,US,0.2221111111111111
4-7,12.99,2.0,58,4.0,Plan a day of riding with friends!,10726,Very Easy,3.0,3.0,US,0.2239655172413793
4-7,14.99,1.0,70,5.0,Ride the waves with Ariel and Flounder as she explores new worlds in her dolphin carriage!,10723,Easy,5.0,5.0,US,0.21414285714285713
8-12,129.99,2.0,1019,5.0,Rescue Maisie from the Indoraptor at Lockwood Estate!,75930,Easy,5.0,4.0,US,0.12756624141315015
6-12,39.99,4.0,360,4.8,Play a game of hide and seek with the Velociraptor!,75932,Average,5.0,4.3,US,0.11108333333333334
7-12,39.99,1.0,289,3.0,Defend the outpost from the terrifying Dilophosaurus!,75931,Easy,4.0,3.0,US,0.13837370242214533
6-12,29.99,2.0,222,4.5,Stage a security breach with a dinosaur lab breakout!,75927,Average,5.0,4.5,US,0.13509009009009007
10+,19.99,1.0,234,3.0,Train a raptor with LEGO® BrickHeadz™ Owen and Blue!,41614,Easy,5.0,5.0,US,0.08542735042735042
6-12,19.99,1.0,126,3.0,Chase the Pteranodon and rescue it from danger!,75926,Easy,4.0,2.0,US,0.15865079365079363
14+,119.99,52.0,1363,3.2,Create and show off the mighty Hulkbuster!,76105,Average,3.8,4.0,US,0.08803374908290536
8-14,99.99,7.0,1004,4.8,Stop Cull Obsidian and Ebony Maw stealing the Infinity Stone!,76108,Average,5.0,4.8,US,0.09959163346613545
8-14,69.99,17.0,674,4.9,Battle Thanos for the Infinity Gauntlet with the Avengers!,76107,Average,4.7,4.2,US,0.1038427299703264
7-14,39.99,3.0,416,3.7,Repel Corvus Glaive’s thresher attack on the Wakandan wall!,76103,Average,4.0,3.7,US,0.0961298076923077
7-14,29.99,13.0,375,4.7,Bash the ball-shooting gun turret with the Hulkbuster!,76104,Easy,4.8,4.7,US,0.07997333333333333
6-12,19.99,10.0,223,4.4,Find Thor’s ultimate weapon!,76102,Easy,4.4,4.9,US,0.08964125560538116
6-12,14.99,13.0,124,4.2,Defend Wakanda from attack with the Avengers!,76101,Easy,4.8,4.8,US,0.12088709677419356
10+,9.99,3.0,101,4.0,Save the universe with LEGO® BrickHeadz Iron Man MK50!,41604,Average,4.7,4.5,US,0.09891089108910892
10+,9.99,2.0,105,3.0,Feel the power of Infinity with LEGO® BrickHeadz Thanos!,41605,Easy,5.0,5.0,US,0.09514285714285714
10+,9.99,1.0,113,5.0,Be a legendary outlaw with LEGO® BrickHeadz Star-Lord!,41606,Easy,5.0,5.0,US,0.0884070796460177
7-14,59.99,6.0,492,4.7,Battle for freedom in the arena with Hulk and Thor!,76088,Average,4.3,4.0,US,0.12193089430894309
7-14,59.99,7.0,375,4.1,Get ready for a clash of the Hulks!,76078,Easy,3.7,2.3,US,0.15997333333333333
7-14,49.99,6.0,400,4.8,Fight for the future of Asgard!,76084,Easy,4.3,4.5,US,0.124975
7-14,39.99,23.0,375,4.4,Intercept The Shocker and take down the Vulture!,76083,Average,4.6,3.9,US,0.10664
7-14,29.99,7.0,358,4.7,Capture Killmonger with Nakia’s awesome Royal Talon Fighter!,76100,Average,4.7,4.8,US,0.08377094972067038
7-14,29.99,10.0,377,4.8,Send in Iron Man to rescue Agent Coulson from Detroit Steel!,76077,Easy,4.6,4.3,US,0.07954907161803713
6-12,19.99,6.0,229,4.4,Battle Killmonger for the precious vibranium with Black Panther!,76099,Easy,4.7,5.0,US,0.08729257641921397
6-12,19.99,9.0,185,3.9,Foil the masked robbers’ bank raid!,76082,Easy,3.9,4.2,US,0.10805405405405405
6-12,19.99,10.0,160,3.9,Retrieve Captain America's shield from evil Super-Adaptoid!,76076,Easy,3.7,3.9,US,0.12493749999999999
5-12,9.99,2.0,79,3.5,Match Thor against Loki in an epic Mighty Micros clash!,76091,Easy,3.5,3.0,US,0.12645569620253164
5-12,9.99,1.0,79,5.0,Begin a battle of the bugs with Spider-Man and Scorpion!,76071,Very Easy,4.0,5.0,US,0.12645569620253164
7-14,29.99,12.0,323,4.3,Team up to take on Ayesha and save the galaxy!,76080,Average,4.8,4.3,US,0.09284829721362228
6-12,29.99,14.0,330,4.7,Jump to the rescue and control the blaze with the Avengers and Spider-Man!,76067,Easy,4.8,4.6,US,0.09087878787878788
7-14,29.99,15.0,358,3.8,Banish the portal beast from Doctor Strange’s Sanctum Sanctorum!,76060,Average,4.5,4.5,US,0.08377094972067038
6-12,19.99,9.0,197,4.3,Team up with Mantis and Rocket and fight back against Taserface!,76079,Easy,4.4,4.8,US,0.1014720812182741
6-12,12.99,25.0,92,4.2,Take down the Ultron jet with super-jumping Iron Man!,76029,Very Easy,4.5,4.4,US,0.14119565217391306
5-12,9.99,10.0,94,4.4,Thrust Iron Man into battle against evil Thanos!,76072,Very Easy,4.4,4.6,US,0.10627659574468086
10+,9.99,8.0,96,4.0,Stand your ground with your own LEGO® BrickHeadz Iron Man!,41590,Easy,4.9,4.4,US,0.1040625
10+,9.99,8.0,93,3.9,Have a smashing time with LEGO® BrickHeadz The Hulk!,41592,Easy,4.6,4.1,US,0.10741935483870968
5-12,9.99,4.0,85,4.3,Take a swipe at Magneto with the mighty Wolverine!,76073,Easy,4.0,4.5,US,0.11752941176470588
10+,9.99,4.0,143,3.5,Recruit your own elite agent with LEGO® BrickHeadz Black Widow!,41591,Easy,4.8,4.8,US,0.06986013986013986
10+,349.99,38.0,601,4.4,Create and command robots that do what you want with LEGO® MINDSTORMS® EV3!,31313,Challenging,4.3,3.7,US,0.5823460898502496
12+,249.99,11.0,2863,4.3,Experience the Mountain Cave!,21137,Challenging,4.5,4.2,US,0.08731749912679009
8+,119.99,2.0,1122,5.0,Unlock the treasures of the Ocean Monument!,21136,Easy,5.0,4.0,US,0.10694295900178252
8+,69.99,7.0,729,4.0,Build and defend the awesome Waterfall Base!,21134,Average,4.1,3.7,US,0.09600823045267488
8+,59.99,1.0,717,5.0,Expand your LEGO® Minecraft™ universe!,21135,Challenging,5.0,5.0,US,0.08366806136680614
8+,49.99,4.0,549,4.7,Create a flourishing Farm Cottage!,21144,Easy,4.8,4.3,US,0.09105646630236794
8+,39.99,1.0,470,5.0,Board the minecart and journey through the Nether Portal!,21143,Average,5.0,5.0,US,0.08508510638297873
8+,29.99,6.0,387,4.2,Ride The Nether Railway!,21130,Easy,4.7,4.2,US,0.07749354005167958
7-14,19.99,4.0,198,4.5,Enjoy Minecraft™ farming adventures with the Chicken Coop!,21140,Average,4.5,5.0,US,0.10095959595959596
7-14,19.99,2.0,241,5.0,Enter the Zombie Cave at your peril!,21141,Average,5.0,4.5,US,0.0829460580912863
8+,19.99,16.0,208,4.4,Spring a surprise attack with The Iron Golem!,21123,Easy,4.6,4.4,US,0.09610576923076922
8+,19.99,5.0,247,5.0,Discover The Mushroom Island!,21129,Average,4.6,4.8,US,0.08093117408906882
6-14,14.99,4.0,69,5.0,Grow and trade your crops at the Melon Farm!,21138,Easy,4.3,2.7,US,0.2172463768115942
8+,79.99,14.0,571,3.6,Battle the hostile mobs at The Nether Fortress!,21122,Easy,3.5,2.2,US,0.14008756567425568
8+,69.99,14.0,706,4.6,Build and defend The Jungle Tree House!,21125,Average,4.7,4.7,US,0.09913597733711048
8+,59.99,6.0,559,4.8,Venture into the stronghold and activate the End portal!,21124,Average,5.0,4.5,US,0.10731663685152057
8+,59.99,15.0,519,4.8,Prepare for battle at The Desert Outpost!,21121,Average,4.8,4.5,US,0.11558766859344895
8+,39.99,3.0,318,4.5,Prepare to battle the wither!,21126,Average,5.0,4.5,US,0.12575471698113208
8+,19.99,16.0,219,3.1,Enter the zombie-spawning dungeon at your peril!,21119,Average,3.4,3.3,US,0.09127853881278539
5+,3.99,14.0,7,4.5,Get the party started with LEGO® Minifigures!,71021,Very Easy,4.6,4.3,US,0.5700000000000001
5-12,39.99,10.0,169,4.3,Pack your city with a bunch of new people!,60153,Very Easy,4.1,3.6,US,0.23662721893491126
5+,3.99,13.0,8,4.3,Discover new heroes and villains in LEGO® Minifigures—THE LEGO BATMAN MOVIE Series 2.,71020,Very Easy,4.8,4.0,US,0.49875
5+,3.99,22.0,8,4.3,Bring the NINJAGO® world to life with LEGO® Minifigures!,71019,Very Easy,4.3,4.1,US,0.49875
5+,3.99,26.0,7,4.3,"Collect the LEGO® Minifigures, Series 17—A story in every bag!",71018,Very Easy,4.1,3.3,US,0.5700000000000001
9-14,129.99,5.0,1426,2.0,Stand your ground and save the realm with the 2-in-1 Knighton Castle!,70357,Challenging,2.6,1.8,US,0.09115708274894811
8-14,59.99,3.0,604,4.3,Deploy Axl's Rolling Arsenal for the biggest battles!,72006,Challenging,4.0,4.0,US,0.09932119205298014
8-14,39.99,3.0,506,5.0,Suit up for a Tech Wizard Showdown with Clay’s 3-in-1 mech!,72004,Average,5.0,5.0,US,0.07903162055335969
7-14,19.99,1.0,191,4.0,Double the action with the 2-in-1 Twinfector!,72002,Easy,5.0,3.0,US,0.10465968586387434
8-14,24.99,1.0,251,5.0,Protect Robot Hoodlum from The Bedrock Monster!,70358,Average,5.0,5.0,US,0.0995617529880478
9-14,99.99,17.0,1140,4.9,Roll into action with the NEXO KNIGHTS™ 2-in-1 battle castle!,70317,Challenging,4.9,4.9,US,0.08771052631578947
9-14,89.99,3.0,840,5.0,Help the heroic knights rescue Ava from Jestro’s head-shaped HQ!,70352,Average,5.0,4.7,US,0.10713095238095237
8-14,69.99,3.0,670,5.0,Protect the spell book from Burnzie in Axl's Tower Carrier!,70322,Average,5.0,5.0,US,0.10446268656716418
8-14,59.99,1.0,598,5.0,Run rings around the Krakenbeast with Aaron’s 3-in-1 Rock Climber!,70355,Average,5.0,4.0,US,0.10031772575250836
8-14,49.99,2.0,516,4.5,Tower over the enemy with the monstrous Siege Machine of Doom!,70321,Challenging,5.0,4.5,US,0.09687984496124032
8-14,24.99,2.0,257,4.5,Charge Lance into battle against the gargoyles!,70359,Easy,4.5,4.0,US,0.0972373540856031
8-14,29.99,1.0,266,4.0,Charge Axl into battle against the three fearsome brothers!,70350,Average,4.0,3.0,US,0.11274436090225563
8-14,19.99,2.0,208,4.5,Rescue the queen from Ruina’s Lock & Roller!,70349,Average,4.5,4.0,US,0.09610576923076922
8-14,19.99,1.0,216,5.0,Hunt the Rogul with Lance’s four-in-one Twin Jouster!,70348,Very Easy,5.0,5.0,US,0.0925462962962963
8-14,19.99,3.0,187,4.7,Smash Aaron Fox out of the way and capture the Book of Chaos!,70313,Average,4.7,4.7,US,0.10689839572192512
7-14,9.99,1.0,80,5.0,Grab a battle suit and help Aaron defend Knighton!,70364,Very Easy,4.0,2.0,US,0.124875
7-14,9.99,2.0,67,4.0,Hammer the enemy into defeat with Ultimate Flama!,70339,Very Easy,4.0,4.0,US,0.1491044776119403
7-14,9.99,2.0,75,3.5,Soar into battle with Ultimate Lance and his jet wings!,70337,Easy,3.5,4.0,US,0.1332
7-14,9.99,1.0,64,5.0,Fire up Ultimate General Magmar to defeat the opponents!,70338,Very Easy,5.0,4.0,US,0.15609375
7-14,3.99,8.0,10,3.1,Collect and combine the NEXO Powers to defeat Monstrox!,70372,Very Easy,3.4,3.3,US,0.399
9-14,159.99,52.0,2295,4.7,Join the ninja aboard Wu’s flying ship!,70618,Challenging,4.9,4.8,US,0.0697124183006536
16+,299.99,88.0,4867,4.8,Live the life of a ninja in NINJAGO® City!,70620,Challenging,4.9,4.8,US,0.06163755907129649
9-14,99.99,15.0,1403,4.5,Evade the traps inside the Temple!,70617,Average,4.8,4.8,US,0.07126870990734141
9-14,89.99,11.0,1202,4.7,Turn sound into a weapon with Cole’s Quake Mech!,70632,Average,4.5,4.4,US,0.07486688851913477
9-14,79.99,9.0,830,4.6,Defend NINJAGO® City from Garmadon Shark Mech attack!,70656,Average,4.9,4.8,US,0.09637349397590361
9-14,79.99,6.0,914,4.8,Take on the shark army with Zane’s Ice Tank!,70616,Average,4.8,4.7,US,0.08751641137855579
8-14,69.99,6.0,765,3.8,Explore the mysterious Temple of Resurrection!,70643,Average,4.2,4.2,US,0.09149019607843137
9-14,69.99,19.0,944,3.6,Put the heat on the shark army with Kai’s Fire Mech!,70615,Average,4.2,4.6,US,0.07414194915254237
8-14,59.99,8.0,747,4.3,Defend NINJAGO® City against Garma Mecha Man!,70613,Average,4.5,4.5,US,0.0803078982597055
9-14,59.99,8.0,876,4.7,Speed to the rescue with Jay’s Lightning Jet!,70614,Average,5.0,4.6,US,0.06848173515981736
8-14,49.99,2.0,556,4.5,Get weaponized for a dynamic Killow vs. Samurai X duel!,70642,Average,4.0,4.5,US,0.08991007194244605
8-14,49.99,7.0,521,4.7,Get all fired up at Garmadon’s Volcano Lair!,70631,Average,4.3,5.0,US,0.09595009596928983
8-14,49.99,29.0,544,4.6,Take on Garmadon with the Green Ninja Mech Dragon!,70612,Average,4.7,4.5,US,0.09189338235294119
9-14,39.99,4.0,552,4.3,Shoot on the go with Lloyd’s Ninja Nightcrawler!,70641,Challenging,4.8,4.3,US,0.07244565217391305
7-14,29.99,3.0,308,5.0,Stage a high-speed bike showdown!,70639,Average,4.7,4.3,US,0.09737012987012987
8-14,29.99,21.0,494,4.6,Smash the shark army out of the water with the Water Strider!,70611,Average,4.5,4.8,US,0.0607085020242915
7-14,29.99,10.0,312,3.5,Battle against evil Jungle Garmadon on the jungle bridge!,70608,Easy,4.0,3.6,US,0.09612179487179487
7-14,29.99,6.0,341,4.4,Protect NINJAGO® City from flying Manta Ray Bomber attack!,70609,Easy,4.3,4.2,US,0.08794721407624632
8-14,29.99,7.0,341,4.2,Take on the tentacular Flying Jelly Sub with Jay!,70610,Average,4.6,4.6,US,0.08794721407624632
7-14,19.99,3.0,257,5.0,Pursue Luke Cunningham with Kai’s Katana V11!,70638,Average,5.0,5.0,US,0.07778210116731517
7-14,19.99,8.0,217,4.1,Stop a Piranha Attack with Kai and Misako!,70629,Easy,3.6,4.1,US,0.09211981566820276
7-14,19.99,18.0,233,4.6,Stop a crime in the NINJAGO® City street market!,70607,Easy,4.6,4.5,US,0.085793991416309
6-14,9.99,1.0,48,5.0,Achieve Spinjitzu greatness with the Green Ninja!,70628,Very Easy,5.0,5.0,US,0.208125
6-14,9.99,1.0,68,4.0,Create brilliant Spinjitzu tricks with the Blue Ninja!,70635,Very Easy,4.0,3.0,US,0.14691176470588235
6-14,9.99,2.0,73,5.0,Master the art of Spinjitzu with the Black Ninja!,70637,Easy,5.0,3.5,US,0.13684931506849315
6-14,9.99,11.0,109,4.5,Practice your Spinjitzu skills with Kai and Zane!,70606,Easy,4.7,4.8,US,0.09165137614678899
10+,9.99,7.0,102,4.0,Unleash your true ninja spirit with LEGO® BrickHeadz Lloyd!,41487,Easy,5.0,4.7,US,0.09794117647058824
10+,9.99,5.0,89,3.2,Learn the way of the ninja with LEGO® BrickHeadz Master Wu!,41488,Very Easy,4.4,4.0,US,0.11224719101123595
9-14,79.99,8.0,754,4.6,Launch a surprise attack on the sky pirates’ awesome HQ!,70605,Average,4.5,4.1,US,0.10608753315649867
8-14,39.99,6.0,439,4.8,Match the Salvage M.E.C. vs. the Skulkin mech in a bounty-hunting duel!,70592,Average,4.8,4.8,US,0.09109339407744875
8-14,29.99,5.0,313,4.2,Watch out for the mighty egg-launching Vermillion Invader!,70624,Average,4.6,4.0,US,0.095814696485623
7-14,29.99,7.0,360,4.4,Glide across and above the swamp with Destiny's Shadow!,70623,Average,4.6,4.1,US,0.08330555555555555
7-14,29.99,8.0,294,3.9,Fly high with Zane to battle Doubloon’s mighty Raid Zeppelin!,70603,Average,4.0,4.1,US,0.10200680272108843
7-14,19.99,12.0,221,4.1,Take on Flintlocke’s Sky Shark with Ninja Lloyd!,70601,Easy,4.2,3.8,US,0.0904524886877828
6-14,9.99,7.0,83,4.3,Battle the Vermillion to win the Fast Forward Time Blade!,70621,Easy,4.7,4.8,US,0.12036144578313253
5+,3.99,22.0,8,4.3,Bring the NINJAGO® world to life with LEGO® Minifigures!,71019,Very Easy,4.3,4.1,US,0.49875
8-14,99.99,2.0,841,5.0,"Build, display and race iconic Ferrari race cars!",75889,Average,5.0,4.5,US,0.11889417360285374
7-14,29.99,4.0,391,5.0,Stage a historic Porsche race!,75888,Average,4.8,4.8,US,0.0767007672634271
7-14,14.99,9.0,183,4.8,"Build, display and race the 1968 Ford Mustang Fastback!",75884,Easy,4.9,4.8,US,0.08191256830601093
7-14,14.99,3.0,179,5.0,Team up with Ferrari “Scuderia Corsa” and triumph!,75886,Easy,5.0,5.0,US,0.08374301675977654
7-14,14.99,13.0,203,4.5,Drive the Fiesta M-Sport WRC to victory!,75885,Average,4.5,4.5,US,0.0738423645320197
8-14,99.99,8.0,941,4.6,Play every role of a top motor racing team on race day!,75883,Average,4.6,4.3,US,0.10625929861849095
7-14,29.99,12.0,366,4.5,Race your friends to win a 24-hour race!,75881,Easy,4.8,4.4,US,0.0819398907103825
7-14,14.99,3.0,163,5.0,Race to win a 24-hour race with the Porsche 919 Hybrid!,75887,Easy,5.0,5.0,US,0.09196319018404908
7-14,14.99,12.0,196,4.5,Customize the awesome AMG GT3 to race!,75877,Easy,4.6,4.4,US,0.0764795918367347
7-14,14.99,10.0,161,4.7,"Design, build and race an incredible McLaren supercar!",75880,Easy,4.9,4.7,US,0.0931055900621118
7-14,14.99,11.0,184,4.8,Speed into race action with the awesome Scuderia Ferrari SF16-H!,75879,Easy,4.7,4.7,US,0.08146739130434782
7-14,14.99,19.0,181,4.7,Build and drive the ultimate hyper car!,75878,Easy,4.9,4.8,US,0.08281767955801105
7-14,14.99,28.0,185,4.5,Break records in this American dream car!,75871,Easy,4.4,4.4,US,0.08102702702702703
7-14,14.99,9.0,166,4.9,Refuel and race for victory!,75872,Average,4.7,4.9,US,0.09030120481927711
9-14,169.99,4.0,1413,4.0,Jump to lightspeed in the Millennium Falcon!,75212,Average,4.0,3.8,US,0.12030431705590942
9-14,69.99,7.0,519,5.0,Evade the mighty Imperial TIE Fighter!,75211,Average,4.7,3.7,US,0.13485549132947977
8-12,39.99,2.0,464,4.0,Go on the hunt with Moloch!,75210,Easy,4.5,3.5,US,0.0861853448275862
7-12,29.99,5.0,229,4.4,Train with Luke at Yoda’s Dagobah hideout!,75208,Easy,4.4,4.2,US,0.13096069868995633
7-12,29.99,4.0,345,4.5,Escape to safety with Han Solo’s Landspeeder!,75209,Easy,4.8,4.3,US,0.08692753623188405
7-14,24.99,2.0,101,4.0,Stomp into action with the Range Trooper!,75536,Easy,5.0,4.5,US,0.24742574257425742
6-12,14.99,3.0,102,4.0,Take on the Separatists with the Jedi and Clone Troopers!,75206,Very Easy,4.0,4.3,US,0.1469607843137255
6-12,14.99,4.0,99,4.3,Patrol the Empire and enforce the rule of law!,75207,Very Easy,5.0,4.0,US,0.15141414141414142
10+,9.99,1.0,149,2.0,Growl like a Wookiee with a LEGO® BrickHeadz™ construction character featuring Chewbacca!,41609,Very Easy,3.0,4.0,US,0.06704697986577181
10+,9.99,1.0,141,2.0,Be a rogue with a LEGO® BrickHeadz™ construction character featuring Han Solo!,41608,Very Easy,4.0,4.0,US,0.07085106382978723
14+,499.99,84.0,4016,4.5,Win the battle for the Empire with the awesome Death Star!,75159,Challenging,3.9,3.5,US,0.12449950199203187
14+,199.99,201.0,1996,3.9,Lift off for bounty-hunting adventures in the Slave I!,75060,Challenging,4.8,4.5,US,0.10019539078156313
9-14,159.99,31.0,1416,4.6,Command the fleet with the awesome First Order Star Destroyer!,75190,Average,4.8,4.4,US,0.11298728813559322
9-14,149.99,33.0,1376,4.1,Stride into battle with the First Order Heavy Assault Walker!,75189,Challenging,4.4,3.9,US,0.10900436046511629
9-14,109.99,23.0,780,4.7,Set out on heroic raids with the Resistance Bomber!,75188,Average,4.6,4.0,US,0.14101282051282052
10-16,99.99,79.0,1106,4.6,Play with and display your own brick-built BB-8!,75187,Average,4.8,4.6,US,0.09040687160940325
9-14,89.99,39.0,863,4.2,Transport Director Krennic in his armor-plated shuttle!,75156,Average,4.4,4.4,US,0.1042757821552723
8-14,89.99,5.0,775,4.8,Go head to head with the Empire aboard The Arrowhead!,75186,Challenging,4.8,4.4,US,0.11611612903225806
9-14,84.99,4.0,746,4.5,Join the battle at the Resistance base!,75202,Easy,4.3,4.0,US,0.11392761394101876
8-14,79.99,22.0,630,4.5,Speed into action with Kylo Ren’s TIE Fighter!,75179,Average,4.6,3.9,US,0.12696825396825395
8-14,79.99,71.0,717,4.7,Go on daring missions with Poe's X-Wing Fighter™!,75102,Average,4.7,4.1,US,0.11156206415620641
8-14,79.99,56.0,659,4.6,Battle the Empire with the amazing Rebel U-Wing Fighter!,75155,Average,4.6,3.9,US,0.12138088012139604
8-14,79.99,3.0,836,5.0,Escape from Bala-Tik and the dreaded Rathtars!,75180,Average,4.7,3.7,US,0.09568181818181817
8-14,69.99,6.0,557,4.2,Search out the Freemakers with Tracker I!,75185,Challenging,4.3,4.4,US,0.1256552962298025
8-14,59.99,51.0,691,4.8,Launch daring raids with the iconic Y-Wing Starfighter!,75172,Average,4.7,4.4,US,0.08681620839363242
10-14,54.99,11.0,452,4.2,Set out on speeder bike missions with the Scout Trooper!,75532,Challenging,4.5,4.4,US,0.12165929203539823
8-14,49.99,12.0,457,4.4,Escape Jakku in the powerful Quadjumper!,75178,Easy,4.3,3.6,US,0.10938730853391686
9-14,49.99,9.0,554,3.9,Stomp into battle with the First Order Heavy Scout Walker!,75177,Challenging,4.0,3.8,US,0.09023465703971119
8-14,39.99,14.0,376,4.0,Stop by at Tatooine’s Mos Eisley Cantina!,75205,Easy,3.5,3.3,US,0.10635638297872341
8-14,39.99,37.0,370,2.2,Seize control of the First Order AT-ST!,75201,Easy,1.8,1.8,US,0.10808108108108108
8-14,34.99,5.0,179,4.3,Lead the charge with Chewbacca!,75530,Average,3.6,3.4,US,0.19547486033519554
7-12,29.99,25.0,241,4.1,Learn the Jedi way at the Ahch-To Island mountainside hut!,75200,Easy,4.5,4.1,US,0.12443983402489626
7-12,29.99,13.0,278,4.9,Speed into action with the Sandspeeder!,75204,Easy,4.5,4.2,US,0.10787769784172661
7-12,29.99,27.0,277,4.6,Avoid the deadly Sarlacc pit!,75174,Easy,4.6,4.1,US,0.10826714801444043
7-12,29.99,19.0,157,3.4,Chase down the Jedi with General Grievous’ Combat Speeder!,75199,Easy,2.6,1.9,US,0.19101910828025476
8-14,29.99,14.0,294,4.6,Jettison to safety in the Resistance Transport Pod!,75176,Easy,4.7,3.7,US,0.10200680272108843
7-12,24.99,38.0,282,4.5,Bring Darth Vader to life at the medical bay!,75183,Easy,4.7,4.7,US,0.08861702127659574
8-12,24.99,37.0,262,4.3,Journey to the stars aboard Yoda’s starship!,75168,Easy,4.5,4.3,US,0.09538167938931297
8-14,24.99,27.0,305,4.6,Pack a punch with the Republic Fighter Tank!,75182,Easy,4.6,4.4,US,0.0819344262295082
7-12,24.99,32.0,208,4.4,Battle it out at the generator core!,75169,Easy,4.4,4.4,US,0.12014423076923077
8-14,24.99,7.0,92,4.1,Protect the First Order with the Elite Praetorian Guard!,75529,Easy,4.7,3.9,US,0.2716304347826087
8-14,24.99,12.0,86,4.4,Go on the hunt for Resistance forces with the fierce Kylo Ren™!,75117,Easy,4.5,4.4,US,0.2905813953488372
7-14,24.99,3.0,100,3.3,Join the battle with the 2-in-1 Stormtrooper Commander!,75531,Very Easy,4.0,4.0,US,0.24989999999999998
8-14,24.99,3.0,85,4.7,Feel the Force with Rey!,75528,Easy,4.7,4.7,US,0.294
6-12,19.99,3.0,188,4.0,Intercept Kylo Ren in a deep space microfighter duel!,75196,Easy,4.3,4.0,US,0.10632978723404254
6-12,19.99,4.0,216,4.5,Pit First Order against Resistance in a micro planetside battle!,75195,Easy,4.5,4.5,US,0.0925462962962963
8-14,19.99,1.0,94,4.0,Fly into action with the Elite TIE Fighter Pilot!,75526,Easy,4.0,4.0,US,0.2126595744680851
6-12,14.99,14.0,97,4.2,Keep the Jawas busy on desert planet Tatooine!,75198,Easy,4.1,4.1,US,0.15453608247422682
6-12,14.99,15.0,108,3.8,Advance on the Resistance with the First Order Specialists Battle Pack!,75197,Very Easy,4.1,3.9,US,0.1387962962962963
6-12,14.99,40.0,125,4.5,Go bounty hunting with the super-fast speeder bike!,75167,Very Easy,4.7,4.8,US,0.11992
6-12,14.99,25.0,117,4.3,Send in reinforcements with the First Order Transport Speeder!,75166,Very Easy,4.6,4.3,US,0.12811965811965811
6-12,9.99,9.0,92,4.7,Play at micro lightspeed with the Millennium Falcon!,75193,Easy,4.7,4.7,US,0.10858695652173914
6-12,9.99,3.0,91,4.7,Take on the Resistance in a micro-scale TIE Fighter!,75194,Easy,4.3,4.0,US,0.10978021978021978
10+,9.99,2.0,91,3.0,Join the Resistance with a LEGO® BrickHeadz construction character featuring Finn!,41485,Easy,4.5,4.0,US,0.10978021978021978
6-12,9.99,6.0,109,4.8,Enter miniature battle with the amazing U-Wing Microfighter!,75160,Easy,4.8,4.8,US,0.09165137614678899
10+,9.99,5.0,130,4.3,Summon the dark side with a LEGO® BrickHeadz construction character featuring Kylo Ren™!,41603,Easy,5.0,4.8,US,0.07684615384615384
6-12,9.99,4.0,88,4.3,Engage the Rebels with the tough TIE Striker Microfighter!,75161,Easy,4.5,4.5,US,0.11352272727272728
10+,9.99,3.0,119,4.5,Feel the Force with a LEGO® BrickHeadz construction character featuring Rey!,41602,Easy,5.0,4.5,US,0.08394957983193277
14+,199.99,86.0,1703,3.3,Build the ultimate LEGO® Snowspeeder!,75144,Challenging,4.3,4.1,US,0.11743394010569584
9-14,99.99,15.0,825,4.7,Play at warp speed with Obi-Wan’s Jedi Starfighter With Hyperdrive!,75191,Average,4.7,4.3,US,0.12119999999999999
9-14,39.99,6.0,168,4.6,Join Darth Vader and battle to victory!,75534,Average,5.0,4.0,US,0.2380357142857143
8-14,29.99,4.0,144,4.8,Join the hunt with Boba Fett!,75533,Average,4.8,4.0,US,0.2082638888888889
7-12,19.99,27.0,149,4.3,Go in search of Ben Kenobi in Luke’s Landspeeder!,75173,Easy,4.5,4.3,US,0.13416107382550335
14+,199.99,1.0,1966,5.0,Collect the ultimate long-range Rebel starfighter!,75181,Very Challenging,5.0,5.0,US,0.10172431332655138
16+,799.99,197.0,7541,4.0,Travel the LEGO® galaxy in the ultimate Millennium Falcon!,75192,Challenging,4.8,4.4,US,0.10608539981434822
7-14,24.99,3.0,104,4.0,Blast into battle with Rebel soldier Jyn Erso!,75119,Average,3.7,3.0,US,0.24028846153846153
8-14,24.99,1.0,87,4.0,Jump into action with warrior monk Chirrut Îmwe!,75524,Easy,4.0,3.0,US,0.2872413793103448
9-14,24.99,1.0,148,5.0,Blast the enemy with tough Baze Malbus!,75525,Very Easy,5.0,5.0,US,0.16885135135135135
6-12,14.99,36.0,112,4.2,Track down those Rebels!,75165,Easy,4.0,3.7,US,0.13383928571428572
14+,199.99,94.0,1685,4.0,Presenting the Ultimate Collector Series TIE Fighter – the iconic Imperial starfighter!,75095,Average,4.7,4.3,US,0.11868842729970328
9-14,119.99,67.0,1005,4.0,Enter the battle with Kylo Ren’s Command Shuttle™!,75104,Average,4.1,3.8,US,0.11939303482587064
8-14,69.99,39.0,543,4.5,Join the battle against the rebels!,75154,Average,4.6,3.6,US,0.12889502762430938
8-14,59.99,47.0,409,4.3,Defeat Kylo Ren at the forest castle!,75139,Easy,4.1,3.2,US,0.1466748166259169
8-14,49.99,19.0,419,4.3,Uncover the Death Star plans at the beach bunker!,75171,Easy,3.8,2.7,US,0.11930787589498808
8-14,49.99,12.0,558,3.8,Join StarScavenger on dangerous salvage missions!,75147,Easy,3.6,3.5,US,0.08958781362007169
8-14,59.99,24.0,530,3.7,Stop the thief at Unkar Plutt's market stall!,75148,Average,3.6,2.7,US,0.11318867924528302
6-14,39.99,26.0,309,3.5,Launch into the holidays with the LEGO® Star Wars Advent Calendar!,75184,Easy,3.2,2.7,US,0.12941747572815535
7-12,29.99,25.0,269,3.7,Join the Rebel battle aboard The Phantom!,75170,Easy,3.8,3.1,US,0.11148698884758364
9-14,29.99,25.0,160,4.5,Feel the power of the dark side with posable Darth Vader™!,75111,Average,4.7,4.3,US,0.18743749999999998
9-14,24.99,12.0,169,3.6,Go behind enemy lines with K-2SO!,75120,Easy,4.1,3.9,US,0.14786982248520708
7-14,24.99,10.0,82,4.5,Command the troops with Captain Phasma™!,75118,Easy,4.1,3.5,US,0.3047560975609756
7-12,24.99,5.0,83,4.2,Use the Force to battle the Separatists with posable Obi-Wan Kenobi™!,75109,Easy,4.4,3.2,US,0.30108433734939755
8-14,24.99,4.0,106,5.0,Enforce Imperial rule with the Empire’s elite Death Trooper!,75121,Easy,4.8,4.8,US,0.23575471698113207
7-12,19.99,70.0,193,4.3,Speed into action on Rey's Speeder!™,75099,Easy,4.4,4.0,US,0.10357512953367874
7-14,24.99,1.0,89,4.0,Patrol the Scarif coastline with the armored Stormtrooper!,75523,Easy,5.0,4.0,US,0.2807865168539326
8-14,24.99,1.0,98,5.0,Practice your warrior skills with Finn!,75116,Easy,5.0,5.0,US,0.255
7-12,19.99,10.0,85,4.2,Battle the Jedi with posable Jango Fett!™,75107,Easy,3.7,4.4,US,0.23517647058823526
7-14,19.99,10.0,81,4.4,Prepare for battle against the Resistance!,75114,Very Easy,4.7,4.3,US,0.2467901234567901
6-12,14.99,10.0,120,4.2,Patrol and defend Rebel territory!,75164,Very Easy,4.7,4.1,US,0.12491666666666666
6-12,12.99,16.0,112,4.3,Speed into battle against the First Order forces!,75131,Very Easy,4.5,4.3,US,0.11598214285714285
6-12,12.99,38.0,88,4.1,Blast the Resistance with the powerful turbolaser!,75132,Very Easy,3.9,3.8,US,0.14761363636363636
10+,9.99,3.0,127,3.5,Lead the First Order with a LEGO® BrickHeadz construction character featuring Captain Phasma™,41486,Very Easy,4.7,4.7,US,0.07866141732283465
6-12,9.99,7.0,90,4.5,Shoot for the stars with the Y-Wing Microfighter!,75162,Very Easy,4.7,4.6,US,0.111
6-12,9.99,9.0,87,4.1,Blast off on miniature X-Wing Fighter adventures!,75125,Easy,4.3,4.2,US,0.11482758620689655
6-12,9.99,11.0,93,4.5,Go on the hunt for microfighter rebels!,75128,Easy,4.6,4.7,US,0.10741935483870968
6-12,9.99,4.0,78,4.0,Fly in style with Krennic’s miniature Imperial Shuttle!,75163,Very Easy,4.3,4.0,US,0.1280769230769231
6-12,9.99,11.0,91,4.5,Speed across distant planets in the micro First Order Snowspeeder™!,75126,Easy,4.5,4.5,US,0.10978021978021978
11-16,289.99,45.0,1862,3.7,Harness the power of the mighty 6x6 All Terrain Tow Truck!,42070,Challenging,3.5,2.9,US,0.15574113856068744
16+,299.99,143.0,2704,4.2,Discover the iconic Porsche 911 GT3 RS!,42056,Challenging,4.7,4.3,US,0.11094304733727811
12-16,279.99,75.0,3929,3.9,Experience the huge Bucket Wheel Excavator!,42055,Challenging,4.6,4.6,US,0.07126240773733775
11-16,179.99,22.0,2595,4.5,Discover innovative design with the Mack Anthem truck and trailer!,42078,Average,4.7,4.7,US,0.06936030828516378
11-16,179.99,19.0,2382,4.5,Traverse uncharted territory with the Extreme Adventure!,42069,Average,4.9,4.7,US,0.07556255247691017
10-16,159.99,7.0,1151,4.0,Prepare for vertical takeoffs and landings with the Air Race Jet!,42066,Challenging,4.9,4.7,US,0.13900086880973067
10-16,119.99,14.0,1327,4.6,Discover new horizons with the Ocean Explorer!,42064,Challenging,4.6,4.8,US,0.09042200452147701
10-16,109.99,8.0,1005,4.1,Push the limits with the awesome LEGO® Technic Rally Car!,42077,Average,4.4,4.1,US,0.10944278606965174
9-16,99.99,28.0,370,4.6,Travel over the toughest terrain with the RC Tracked Racer!,42065,Easy,4.5,4.2,US,0.2702432432432432
10-16,99.99,12.0,1098,4.0,Mobilize the Airport Rescue Vehicle!,42068,Average,4.8,4.6,US,0.09106557377049179
9-16,89.99,5.0,1020,3.8,Transport supplies over land and sea with the all-terrain Hovercraft!,42076,Average,4.2,4.2,US,0.08822549019607842
10-16,59.99,12.0,603,4.2,Experience the BMW R 1200 GS Adventure!,42063,Average,4.7,4.4,US,0.09948590381426203
8-14,59.99,8.0,631,4.7,"Grab, lift, load and deliver at the Container Yard!",42062,Easy,4.8,4.3,US,0.09507131537242472
9-16,49.99,1.0,513,5.0,Explore iconic vehicle design with the First Responder!,42075,Easy,5.0,4.0,US,0.09744639376218324
8-14,39.99,5.0,330,4.0,Put the wind in your sails with this amazing Racing Yacht!,42074,Average,4.8,4.2,US,0.12118181818181818
8-14,29.99,10.0,365,4.6,Call in the Roadwork Crew!,42060,Easy,4.8,4.6,US,0.08216438356164384
9-16,29.99,57.0,10,4.6,Motorize your LEGO® Technic creations with the Power Functions Motor Set!,8293,Easy,4.5,3.9,US,2.9989999999999997
7-14,19.99,7.0,142,4.4,Fly off the ramp at high speed with the super-fast Stunt Truck!,42059,Easy,4.7,4.6,US,0.14077464788732394
7-14,19.99,2.0,139,4.5,Get ready for high-speed action and impacts with the BASH!,42073,Easy,4.0,3.5,US,0.14381294964028776
8-14,19.99,9.0,199,4.3,Take to the skies with the Ultralight Helicopter!,42057,Easy,4.7,4.8,US,0.10045226130653266
7-14,19.99,2.0,140,4.5,Hit the ramp at high speed with the awesome Stunt Bike!,42058,Easy,4.0,4.0,US,0.14278571428571427
8-14,19.99,2.0,171,5.0,Call in the powerful Dozer Compactor!,42071,Challenging,5.0,5.0,US,0.11690058479532163
7-14,14.99,2.0,176,4.5,Collect and transport heavy cargo with the Hook Loader!,42084,Easy,4.5,4.5,US,0.08517045454545455
11-16,179.99,18.0,1977,4.3,Harness the awesome power of the CLAAS XERION 5000 TRAC VC,42054,Challenging,4.8,4.6,US,0.0910419828022256
10-16,139.99,19.0,1043,4.0,Airlift massive loads with the Heavy Lift Helicopter!,42052,Challenging,4.3,4.4,US,0.13421860019175455
11-16,129.99,23.0,1219,4.6,Scream around the circuit in the lightning-fast LEGO® Technic 24 Hours Race Car!,42039,Challenging,4.8,4.7,US,0.10663658736669401
10-16,119.99,18.0,1166,4.6,Operate the powerful Volvo EW160E!,42053,Average,4.8,4.8,US,0.10290737564322469
9-16,59.99,16.0,494,4.5,Take on mountainous terrain with the LEGO® Technic Formula Off-Roader!,42037,Average,4.6,4.3,US,0.12143724696356276
9-16,49.99,9.0,476,4.1,Call in the powerful Mine Loader!,42049,Average,4.3,4.1,US,0.10502100840336134
9-16,39.99,15.0,375,4.7,Take to the open road with the LEGO® Technic Street Motorcycle!,42036,Average,4.9,4.6,US,0.10664
9-16,39.99,6.0,260,4.6,Utilize the power and reach of the awesome Telehandler!,42061,Average,4.8,4.8,US,0.1538076923076923
8-14,19.99,9.0,252,4.8,Clear the ground with the LEGO® Technic Compact Track Loader!,42032,Average,4.6,4.6,US,0.07932539682539681
7-14,19.99,8.0,125,4.7,Smash land speed records with the LEGO® Technic Record Breaker!,42033,Easy,4.6,4.1,US,0.15991999999999998
8-14,19.99,5.0,180,4.8,Thunder over the ocean with the Hydroplane Racer!,42045,Easy,4.8,5.0,US,0.11105555555555555
7-14,12.99,4.0,155,3.8,Reach dizzying heights with the awesome LEGO® Technic Cherry Picker!,42031,Easy,4.8,4.8,US,0.08380645161290323
7-14,12.99,5.0,113,4.6,Thrill the crowds with the Display Team Jet!,42044,Average,4.6,4.6,US,0.11495575221238938
14+,269.99,19.0,3444,4.9,Dare to enter The Joker™ Manor!,70922,Challenging,5.0,4.9,US,0.07839430894308944
12-16,149.99,20.0,1628,3.5,Break into Arkham Asylum with Batman™!,70912,Average,3.8,3.3,US,0.09213144963144963
10-16,139.99,18.0,1456,4.6,Divide the 4-in-1 Ultimate Batmobile and conquer the Super-Villains!,70917,Average,4.6,4.6,US,0.09614697802197802
8-14,99.99,23.0,1047,4.7,Protect the Batcave from The Penguin’s invasion!,70909,Average,4.7,4.3,US,0.09550143266475644
9-14,89.99,4.0,1053,4.0,Patrol the sky above Gotham City in The Batwing!,70916,Average,4.0,3.8,US,0.08546058879392213
8-14,79.99,9.0,643,4.4,Launch a space mission from the Batcave!,70923,Average,4.8,3.5,US,0.12440124416796267
8-14,59.99,20.0,581,4.6,Pursue Man-Bat™ and the Kabuki Twins™ in the Batmobile with three driving modes!,70905,Average,4.8,4.3,US,0.10325301204819277
8-14,49.99,19.0,433,4.4,Team up with Batgirl™ to stop The Joker’s Notorious Lowrider!,70906,Average,4.7,4.2,US,0.11545034642032333
7-14,49.99,5.0,425,3.2,Dodge Harley Quinn’s cannonball attacks!,70921,Average,3.2,2.6,US,0.11762352941176471
8-14,49.99,6.0,366,3.7,Protect Gotham City from Bane’s toxic attacks!,70914,Average,4.0,3.0,US,0.13658469945355192
7-14,29.99,5.0,267,3.6,Party on with Superman™ and friends!,70919,Easy,3.2,3.4,US,0.11232209737827714
8-14,29.99,24.0,305,4.5,Put the heat on The Penguin™ Arctic Roller with Batman™!,70911,Easy,4.8,4.4,US,0.098327868852459
7-14,29.99,11.0,293,4.9,Join Batman™ in a comical food fight!,70920,Average,4.7,4.6,US,0.10235494880546074
7-14,29.99,18.0,254,4.2,Battle with Batman™ against The Riddler™ and his allies!,70903,Easy,4.2,4.4,US,0.11807086614173228
7-14,19.99,8.0,204,4.1,Help Batman™ to stop Scarecrow™ delivering a special scare pizza!,70910,Average,4.4,4.1,US,0.09799019607843136
7-14,19.99,19.0,201,4.1,Protect the power plant from Mr. Freeze’s ice attack!,70901,Easy,4.6,4.4,US,0.09945273631840795
6-12,14.99,7.0,141,4.0,Power into the sky to stop Scarecrow’s fear gas attacks!,70913,Easy,4.1,4.4,US,0.10631205673758866
6-12,14.99,18.0,124,4.5,Help Batman™ stop The Joker™ escaping!,70900,Easy,4.7,4.6,US,0.12088709677419356
7+,16.99,19.0,61,2.1,Display THE LEGO® BATMAN MOVIE minifigures!,853638,Very Easy,2.9,2.8,US,0.2785245901639344
5+,3.99,13.0,8,4.3,Discover new heroes and villains in LEGO® Minifigures—THE LEGO BATMAN MOVIE Series 2.,71020,Very Easy,4.8,4.0,US,0.49875
9-14,79.99,15.0,775,4.8,Save the day with Batman™ and The Scuttler!,70908,Average,4.7,4.0,US,0.10321290322580645
8-14,69.99,10.0,460,4.3,Speed after Killer Croc’s Tail-Gator on Batman’s Batski!,70907,Easy,3.8,2.7,US,0.15215217391304348
9-14,59.99,6.0,564,4.7,Don’t get on the wrong side of the Two-Face™ Excavator!,70915,Average,4.8,4.8,US,0.10636524822695036
8-14,34.99,13.0,448,3.9,Duel against the mighty Clayface™ with Batman™!,70904,Average,4.4,4.1,US,0.07810267857142858
7-14,44.99,2.0,156,4.5,Fight crime with Batgirl™ and Robin™ in THE LEGO® BATMAN MOVIE!,71264,Easy,4.5,3.5,US,0.2883974358974359
7-14,19.99,27.0,139,4.2,Stop Catwoman™ escaping with the diamonds!,70902,Easy,4.5,4.2,US,0.14381294964028776
10+,9.99,11.0,91,3.8,Celebrate THE LEGO® BATMAN MOVIE with a LEGO BrickHeadz Batman!,41585,Very Easy,4.9,4.7,US,0.10978021978021978
10+,9.99,12.0,151,3.3,Show off the evil trickster with LEGO® BrickHeadz The Joker™!,41588,Easy,4.8,4.7,US,0.066158940397351
10+,9.99,10.0,101,4.3,Showcase the Boy Wonder with LEGO® BrickHeadz Robin™!,41587,Very Easy,4.8,4.9,US,0.09891089108910892
10+,9.99,9.0,99,3.5,Channel Batgirl™ with your own LEGO® BrickHeadz version!,41586,Easy,4.3,4.6,US,0.1009090909090909
9-14,159.99,52.0,2295,4.7,Join the ninja aboard Wu’s flying ship!,70618,Challenging,4.9,4.8,US,0.0697124183006536
16+,299.99,88.0,4867,4.8,Live the life of a ninja in NINJAGO® City!,70620,Challenging,4.9,4.8,US,0.06163755907129649
9-14,99.99,15.0,1403,4.5,Evade the traps inside the Temple!,70617,Average,4.8,4.8,US,0.07126870990734141
9-14,89.99,11.0,1202,4.7,Turn sound into a weapon with Cole’s Quake Mech!,70632,Average,4.5,4.4,US,0.07486688851913477
9-14,79.99,9.0,830,4.6,Defend NINJAGO® City from Garmadon Shark Mech attack!,70656,Average,4.9,4.8,US,0.09637349397590361
9-14,79.99,6.0,914,4.8,Take on the shark army with Zane’s Ice Tank!,70616,Average,4.8,4.7,US,0.08751641137855579
9-14,69.99,19.0,944,3.6,Put the heat on the shark army with Kai’s Fire Mech!,70615,Average,4.2,4.6,US,0.07414194915254237
8-14,59.99,8.0,747,4.3,Defend NINJAGO® City against Garma Mecha Man!,70613,Average,4.5,4.5,US,0.0803078982597055
9-14,59.99,8.0,876,4.7,Speed to the rescue with Jay’s Lightning Jet!,70614,Average,5.0,4.6,US,0.06848173515981736
8-14,49.99,7.0,521,4.7,Get all fired up at Garmadon’s Volcano Lair!,70631,Average,4.3,5.0,US,0.09595009596928983
8-14,49.99,29.0,544,4.6,Take on Garmadon with the Green Ninja Mech Dragon!,70612,Average,4.7,4.5,US,0.09189338235294119
8-14,29.99,21.0,494,4.6,Smash the shark army out of the water with the Water Strider!,70611,Average,4.5,4.8,US,0.0607085020242915
7-14,29.99,10.0,312,3.5,Battle against evil Jungle Garmadon on the jungle bridge!,70608,Easy,4.0,3.6,US,0.09612179487179487
7-14,29.99,6.0,341,4.4,Protect NINJAGO® City from flying Manta Ray Bomber attack!,70609,Easy,4.3,4.2,US,0.08794721407624632
8-14,29.99,7.0,341,4.2,Take on the tentacular Flying Jelly Sub with Jay!,70610,Average,4.6,4.6,US,0.08794721407624632
7-14,19.99,8.0,217,4.1,Stop a Piranha Attack with Kai and Misako!,70629,Easy,3.6,4.1,US,0.09211981566820276
7-14,19.99,18.0,233,4.6,Stop a crime in the NINJAGO® City street market!,70607,Easy,4.6,4.5,US,0.085793991416309
6-14,9.99,1.0,48,5.0,Achieve Spinjitzu greatness with the Green Ninja!,70628,Very Easy,5.0,5.0,US,0.208125
6-14,9.99,11.0,109,4.5,Practice your Spinjitzu skills with Kai and Zane!,70606,Easy,4.7,4.8,US,0.09165137614678899
10+,9.99,7.0,102,4.0,Unleash your true ninja spirit with LEGO® BrickHeadz Lloyd!,41487,Easy,5.0,4.7,US,0.09794117647058824
10+,9.99,5.0,89,3.2,Learn the way of the ninja with LEGO® BrickHeadz Master Wu!,41488,Very Easy,4.4,4.0,US,0.11224719101123595
5+,3.99,22.0,8,4.3,Bring the NINJAGO® world to life with LEGO® Minifigures!,71019,Very Easy,4.3,4.1,US,0.49875
